code,type,parent,inverse,name,description,name@he,name@ru,name@ar,name@am,name@fr,description@he,description@ru,description@ar,description@am,description@fr
6,EXPENDITURE,,,General Management,,הנהלה כללית,Генеральное управление,إدارة الخدمات العامة,,,,,,,
61,EXPENDITURE,6,,General Administration,,מינהל כללי,Генеральная администрация,الادارة العامة,,,"הוצאות הרשות עבור שכר ותפעול המינהל הכללי, הכולל את לשכות ראש הרשות והמנכ""ל, מזכירות המועצה, היועץ המשפטי ועוד. ",,,,
611,EXPENDITURE,61,,Management and Municipality,,הנהלה ורשות,Управление и муниципалитет,إدارة وسلطة,,,,,,,
6111,EXPENDITURE,611,,Municipality Head and Deputies,,ראש הרשות המקומית וסגניו,Глава муниципалитета и заместители,رئيس السلطة المحلية والنواب,,,,,,,
6112,EXPENDITURE,611,,Municipal Council,,מועצת הרשות,Муниципальный комитет,مجلس السلطة,,,,,,,
612,EXPENDITURE,61,,Municipal Comptroller,,מבקר הרשות,Муниципальный контролёр,مشرف السلطة,,,,,,,
613,EXPENDITURE,61,,Secretariate,,מזכירות,Секретариат,سكرتارية,,,,,,,
614,EXPENDITURE,61,,Spokesmanship and Public Relations,,הסברה ויחסי ציבור,Представительность и связи с общественностью,الإعلام والعلاقات العامة,,,,,,,
615,EXPENDITURE,61,,Administration,,מנגנון,Административный персонал,تقنية,,,,,,,
616,EXPENDITURE,61,,"Organization and Methods, and Training",,או״ש והדרכה,"Организация и методы, и обучение",التنظيم والأساليب والتدريب,,,,,,,
617,EXPENDITURE,61,,Legal Service,,שרות משפטי,Юридическая служба,الخدمات القانونية,,,,,,,
618,EXPENDITURE,61,,Planning and Research,,תכנון ומחקר,Проектирование и исследование,التخطيط والبحوث,,,,,,,
619,EXPENDITURE,61,,Local Government Elections,,בחירות ברשויות המקומיות,Выборы в муниципалитетах,الانتخابات البلدية,,,,,,,
62,EXPENDITURE,6,,Financial Administration,,מינהל כספי,Финансовая администрация,الإدارة المالية,,,"הוצאות הרשות עבור שכר ותפעול המנהל הכספי, הכולל את אגף הגזברות, החשבות והתקציבים, מחלקת גביית ארנונה ועוד",,,,
621,EXPENDITURE,62,,Accounts department,,הגזברות,Казначейство,أمانة الثروة,,,,,,,
6211,EXPENDITURE,621,,Accounts department managment,,הנהלת הגזברות,Администрация казначейства,إدارة الخزانة,,,,,,,
6212,EXPENDITURE,621,,Budgets and Economics,,תקציבים וכלכלה,Бюджеты и экономика,الميزانيات والاقتصاد,,,,,,,
6213,EXPENDITURE,621,,Accounting,,הנהלת חשבונות,Бухгалтерия,مسك دفاتر,,,,,,,
6214,EXPENDITURE,621,,Payments,,תשלומים,Оплаты,دفوعات,,,,,,,
6215,EXPENDITURE,621,,Salary Unit/Department,,יחידת שכר,Отдел заработной платы, وحدة الرواتب,,,,,,,
6216,EXPENDITURE,621,,Revenues Tracking,,מעקב אחר הכנסות,Регулировка взносов, تتبع الدخل,,,,,,,
6217,EXPENDITURE,621,,Mechanization and Automation,,מיכון ואוטומציה,Механизация и автоматизация,المكننة والأتمتة,,,,,,,
622,EXPENDITURE,62,,Tax Assessment,,שומה,Оценка налогов,تقدير,,,,,,,
623,EXPENDITURE,62,,Collection,,גבייה,Сбор,جمع,,,,,,,
6231,EXPENDITURE,623,,Secretariate and Administration,,מזכירות ומינהל,Секретариат и администрация,السكرتارية والإدارة,,,,,,,
6232,EXPENDITURE,623,,Municipal Tax Collection,,גביית ארנונה,Сбор муниципальных налогов,جمع ضريبة الأملاك,,,,,,,
6233,EXPENDITURE,623,,Fees and Levies Collection,,גביית אגרות והיטלים,Сбор оплат и налогов,تحصيل الرسوم والجبايات,,,,,,,
6234,EXPENDITURE,623,,Owners' Payments Collection,,גביית תשלומי בעלים,Сбор владельческих оплат,جمع دفوعات المالك,,,,,,,
6235,EXPENDITURE,623,,Collection from Government Ministries,,גבייה ממשרדי ממשלה,Сбор с государственных министерств,جمع من الوكالات الحكومية,,,,,,,
6236,EXPENDITURE,623,,Execution Office,,הוצאות לפועל,Исполнительное бюро,النفقات الفعلية,,,,,,,
624,EXPENDITURE,62,,Supervision of Municipal Companies,,פקוח על חברות הרשות,Инспекция муниципальных компаний,الإشراف على شركات في السلطة,,,,,,,
63,EXPENDITURE,6,,Financing Expenses,,הוצאות מימון,Финансовые расходы,نفقات التمويل,,,הוצאות הרשות עבור עמלות בנק ואשראי וכן הוצאות מימון עבור ריבית על הלוואות,,,,
631,EXPENDITURE,63,,Fees and Bank Expenses,,עמלות והוצאות בנקאיות,Комиссионные и банковые расходы,الرسوم ومصاريف البنك,,,,,,,
632,EXPENDITURE,63,113,Financing Expenses,,הוצאות מימון,Финансовые расходы,نفقات التمويل,,,הוצאות הרשות עבור כיסוי הנחות על תשלומי ארנונה ששולמו מראש ובמסגרת הסדר תשלומים.,,,,
64,EXPENDITURE,6,,Loan Redemption/Payment,,פרעון מלוות,Уплата ссуд,سداد القروض,,,"תשלומים עבור החזרי הלוואות שלקחה הרשות, כולל תשלומי קרן, ריבית והצמדה. ",,,,
648,EXPENDITURE,64,,Self Redemption Loan Redemption,,פרעון מלוות לפרעון עצמי,,سداد قروض غير المسددة,,,,,,,
649,EXPENDITURE,64,,Redemption,,פרעון מלוות מוכר,,سداد القروض المعترف بها,,,,,,,
6491,EXPENDITURE,649,,Redemption,,פרעון מלוות מוכר לא למחזור,,سداد القروض المعترف بها ليست قابلة لإعادة التدوير,,,,,,,
6492,EXPENDITURE,649,,Redemption,,פרעון מלוות מוכר למחזור נטו,,سداد القروض المعترف بها في مرمى,,,,,,,
7,EXPENDITURE,,2,Local Services,,שירותים מקומיים,Местные услуги,الخدمات المحلية,,,,,,,
71,EXPENDITURE,7,21,Sanitation,,תברואה,Санитация,الصرف الصحي,,,"הוצאות הרשות עבור שכר, ציוד וחומרים עבור שירותי תברואה שונים. לדוגמה - פינוי פסולת, ניקיון רחובות והדברת מזיקים. ",,,,
711,EXPENDITURE,71,,Sanitation Administration,,מינהל תברואה,Санитационная администрация,إدارة الصرف الصحي,,,"הוצאות הרשות עבור שכר, ציוד ותפועל מינהל שירותי התברואה, כולל שירותים מנהליים, מוקד תפעולי ומחלקת תכנון ובקרה. ",,,,
712,EXPENDITURE,71,212,Cleaning Services,,שירותי ניקיון,Уборичные услуги,خدمات التنظيف,,,"הוצאות הרשות עבור שירותי הניקיון של הרשות, כולל ניקוי רחובות, איסוף וביעור אשפה ועבודות קבלניות. ",,,,
7121,EXPENDITURE,712,2121,Cleaning Services Administration,,מינהל שירותי ניקיון,Администрация уборочных услуг,إدارة خدمات التنظيف,,,,,,,
7122,EXPENDITURE,712,2122,Street cleaning,,ניקוי רחובות,Уличная уборка,تنظيف الشوارع,,,"הוצאות הרשות עבור שכר עובדים, ציוד וחומרים עבור ניקוי שוטף של רחובות ומתחמים בשטחה.",,,,
7123,EXPENDITURE,712,2123,Garbage removal/waste collection and disposal,,אסוף ובעור אשפה,Сбор и ликвидация мусора,جمع وإزالة سلة المهملات,,,"הוצאות הרשות על שכר עובדים, ציוד, מכונות וחומרים בעבור איסוף, ביעור ושינוע של אשפה בתחומה, לרבות היטלי הטמנה המשולמים על כל טונה של פסולת מעורבת.",,,,
7124,EXPENDITURE,712,2124,Yard Cleaning,,ניקוי חצרות,Уборка дворов,تنظيف الساحات ,,,,,,,
7125,EXPENDITURE,712,2125,Public Restrooms,,בתי שימוש ציבוריים,Общественный туалет,المراحيض العامة,,,הוצאות הרשות עבור הנחה ותפעול של שירותים ציבוריים,,,,
713,EXPENDITURE,71,213,Sanitary Supervision,,פיקוח תברואי,Санитарный контроль,الإشراف الصحي,,,הוצאות הרשות על שכר ותפעול עבודות פיקוח תברואי על עסקים ומוסדות ,,,,
7131,EXPENDITURE,713,2131,Sanitary Supervision Administration,,מינהל הפיקוח התברואי,Администрация санитарного контроля,إدارة الإشراف الصحي,,,,,,,
7132,EXPENDITURE,713,2132,General Sanitation Supervision,,פקוח תברואי כללי,Генеральный санитарный контроль,رقابة صحية عامة,,,,,,,
7133,EXPENDITURE,713,2133,Business and Institution Supervision,,פיקוח על עסקים ומוסדות,Контроль предприятий и учреждений,رقابة الشركات والمؤسسات,,,,,,,
714,EXPENDITURE,71,214,Veterinary Service,,שרות וטרינרי,Ветеренарные услуги,الخدمات البيطرية,,,"הוצאות הרשות על שירותים וטרינריים, כולל שכר וטרינר, צרכים מנהליים של המרכזים הוטרינריים והוצאות למניעת כלבת. ",,,,
7141,EXPENDITURE,714,2141,Veterinary Service Administration,,מינהל שרות וטרינרי,Администрация ветеренарных услуг,إدارة الخدمات البيطرية,,,,,,,
7142,EXPENDITURE,714,2142,Veterinary Supervision,,פיקוח וטרינרי,Ветеренарный контроль,رقابة بيطرية,,,,,,,
7143,EXPENDITURE,714,2143,Fight against Rabies,,מלחמה בכלבת,собачья чума,مكافحة داء الكلاب,,,,,,,
715,EXPENDITURE,71,215,Preventive Sanitation,,תברואה מונעת,Профилактическая санитация,الصرف الصحي الوقائي,,,"הוצאות הרשות על שירותי תברואה מונעת, כולל הוצאות שכר וחומרים עבור ריסוס והדברה, פינוי  פגרים ולכידת נחשים.",,,,
7151,EXPENDITURE,715,2151,Sanitary Materials Sales,,מכירת חומרי תברואה,Продажа санитарных материалов,بيع المواد الصحية,,,,,,,
7152,EXPENDITURE,715,2152,Elimination of Infectious Diseases,,הדברת מחלות מדבקות,Элиминация заразных болезней,مكافحة الأمراض المعدية,,,,,,,
7153,EXPENDITURE,715,2153,Pest Control Service,,שרות להדברת מזיקים,Служба контроля вредителей,خدمات مكافحة الآفات,,,,,,,
72,EXPENDITURE,7,22,Guarding and Security,,שמירה ובטחון,Охрана,حفظ والأمن,,,"הוצאות הרשות על שכר, מחשוב וציוד עבור המשמר האזרחי, אבטחת מוסדות חינוך, אחזקת מקלטים, כיבוי אש ועוד.",,,,
721,EXPENDITURE,72,221,Guarding and Security Administration,,מינהל שמירה ובטחון,Администрация охраны и безопасности,إدارة الحفظ والأمن,,,,,,,
722,EXPENDITURE,72,222,Security Guard,,שמירה ביטחונית,,حارس أمن,,,,,,,
7221,EXPENDITURE,722,2221,Civic Police/Guard,,משמר אזרחי,Гражданская охрана,الحرس المدني,,,,,,,
723,EXPENDITURE,72,223,Civic Defense Force,,הג״א,Гражданская оборона,قوات الدفاع المدني,,,,,,,
724,EXPENDITURE,72,224,Fire Fighting,,כבוי אש,Пожарная служба,مكافحة الحرائق,,,,,,,
725,EXPENDITURE,72,225,Safety,,בטיחות,Безопасность,أمان,,,,,,,
726,EXPENDITURE,72,226,Emergency services,,"מל״ח ופס""ח",,خدمات الطوارئ,,,,,,,
7261,EXPENDITURE,726,2261,Emergency services,,מל״ח,,,,,,,,,
7262,EXPENDITURE,726,2262,Emergency services,,"פס""ח",,,,,,,,,
727,EXPENDITURE,72,227,Civic Defense,,הגמ״ר,,الدفاع المدني,,,,,,,
729,EXPENDITURE,72,229,Expenses in State of Emergency,,כסוי הוצאות לשעת חירום,,تغطية النفقات الطارئة,,,,,,,
73,EXPENDITURE,7,23,Urban Planning and Construction,,תכנון ובנין עיר,,التخطيط وتقسيم المناطق,,,"הוצאות הרשות על שכר, מחשוב וציוד עבור אגף תכנון ובנין ברשות. ",,,,
731,EXPENDITURE,73,231,Municipal Engineer's Office,,משרד מהנדס הרשות,,مكتب مهندس السلطة,,,"הוצאות הרשות על שכר, מחשוב ותפעול אגף מהנדס הרשות, היחידה לתכנון אסטרטגי ופרויקטים הנדסיים שונים",,,,
732,EXPENDITURE,73,232,Urban Planning,,תכנון עיר,,تخطيط المدن,,,"הוצאות הרשות עבור שכר ותפעול אגף תכנון, כולל שימור מבנים, מדידות, מיפוי  ותצלומי אוויר. ",,,,
7321,EXPENDITURE,732,2321,General Planning,,תכנון כללי,,التخطيط العام,,,,,,,
7322,EXPENDITURE,732,2322,Master Plan,,תוכנית אב,,خطة رئيسية,,,,,,,
7323,EXPENDITURE,732,2323,Land Survey Measurements,,מדידות,,قياسات,,,,,,,
733,EXPENDITURE,73,233,Construction Lisencing and Supervision,,רישוי ופיקוח על הבניה,,منح التراخيص والإشراف على البناء,,,"הוצאות הרשות עבור אגף רישוי ובנייה, כולל פיקוח על הבנייה, בקרה ותיעוד שלה, רישוי עסקים ועוד. ",,,,
7331,EXPENDITURE,733,2331,Construction Lisencing Fees,,"אגרות, רישיונות בניה",,الرسوم، وتراخيص البناء,,,,,,,
7332,EXPENDITURE,733,2332,Construction Supervision,, פקוח על הבניה,,الإشراف على البناء,,,,,,,
7333,EXPENDITURE,733,2333,Dangerous Buildings Supervsion,,פיקוח על בנינים מסוכנים,,الإشراف على المباني الخطرة,,,,,,,
7334,EXPENDITURE,733,2334,Local Planning and Construction Committee,,ועדה מקומית לתכנון ובניה,,اللجنة المحلية للتخطيط والبناء,,,,,,,
74,EXPENDITURE,7,24,Public Assets,,נכסים ציבוריים,,ممتلكات عامة,,,"הוצאות הרשות עבור תחזוקה שוטפת של נכסי העיר, לרבות דרכים ומדרכות, רמזורים ותאורת רחובות, גנים ומבנים ציבוריים.",,,,
741,EXPENDITURE,74,241,Public Assets Administration,,מינהל נכסים ציבוריים,,إدارة ممتلكات عامة,,,"הוצאות הרשות הכוללות שכר,ציוד ומחשוב עבור מנהל נכסים ציבוריים. ",,,,
742,EXPENDITURE,74,242,Roads and Pavements,,דרכים ומדרכות,,طرق والأرصفة,,,"הוצאות הרשות על תיקונים ואחזקה של כבישים, דרכים, מדרכות ושווקים בשטחה. ",,,,
7421,EXPENDITURE,742,2421,Main Road Maintenance,,אחזקת כבישים עורקים,,صيانة الطرق الشريانية,,,,,,,
7422,EXPENDITURE,742,2422,Internal Road and Pavement Maintenance,,אחזקת כבישים פנימיים ומדרכות,,صيانة الطرق الداخلية والأرصفة,,,,,,,
743,EXPENDITURE,74,243,Street Lighting,,תאורת רחובות,,إنارة الشوارع,,,הוצאות הרשות על שכר וציוד עבור התקנה ואחזקה של תאורת רחובות בשטחה. ,,,,
744,EXPENDITURE,74,244,Road Safety,,בטיחות בדרכים,,أمن في الطرق,,,"הוצאות הרשות על שכר וציוד עבור מטה בטיחות בדרכים, התקנה ואחזקה של אביזרי תנועה , שלטים, תמרורים וסימוני כבישים.",,,,
7441,EXPENDITURE,744,2441,Traffic Light and Road Isle Maintenance,,תחזוקת רמזורים ואיי תנועה,,صيانة إشارات المرور وجزر الحركة ,,,,,,,
7442,EXPENDITURE,744,2442,Underground Passage and Bridge Maintenance,,תחזוקת מעברים תת קרקעיים וגשרים,,صيانة الأنفاق والجسور,,,,,,,
7443,EXPENDITURE,744,2443,Balisters and Safety Devices,,מעקות ואמצעי בטיחות,,السور وتدابير السلامة,,,,,,,
7444,EXPENDITURE,744,2444,"Sign Posts, Traffic Sings, and Road Marking",,שלטים תמרורים וסימוני כבישים,,علامات الطريق  وإشارات المرور,,,,,,,
7445,EXPENDITURE,744,2445,Municipal Safety Headquaeters,,מטה בטיחות עירוני,,قيادة السلامة البلدية,,,,,,,
745,EXPENDITURE,74,245,Canalization and Drainage,,תיעול וניקוז,,المجاري والصرف,,,"הכנסות עצמיות של הרשות מהיטלי תיעול קרקע שמשלמים בעלי נכסים ברשות, עבור אחזקה וחידוש של תשתיות התיעול והניקוז של מים וביוב בקרקע עליה עומד הנכס.",,,,
746,EXPENDITURE,74,246,Parks and Planting,,גנים ונטיעות,,حدائق وزراعة,,,"החזרי הוצאות של הרשות מביצוע עבודות שונות שקשורות בשיפור פני העיר, הכנסות ממכירת סכך ועוד.",,,,
7461,EXPENDITURE,746,2461,Public Parks,,גינות ציבוריות,,حدائق عامة,,,,,,,
7462,EXPENDITURE,746,2462,Street Flora Cultivation,,טיפוח פינות נוי,,العناية بزوايا زخرفية,,,,,,,
7463,EXPENDITURE,746,2463,Water Fountains and Art Street Elements ,,מזרקות ואלמנטי רחוב אומנותיים,,نوافير وعناصر شارع فنية,,,,,,,
7464,EXPENDITURE,746,2464,Street furniture and Game Installations,,ריהוט רחוב ומתקני משחקים,,أثاث الشوارع ومعدات الملعب,,,,,,,
747,EXPENDITURE,74,247,"Beaches, Pools and Public Baths",,"חופים, בריכות ומרחצאות",,"شواطئ, برك سباحة والحمامات",,,הכנסות עצמיות של הרשות מדמי כניסה לבריכות שחייה וחופי רחצה בתחומה,,,,
7472,EXPENDITURE,747,2472,Beaches ,,חופי רחצה,,شواطئ,,,,,,,
7473,EXPENDITURE,747,2473,Swimming Pools,,בריכות שחיה,,برك سباحة ,,,,,,,
7474,EXPENDITURE,747,2474,Public Baths,,מרחצאות,,حمامات,,,,,,,
748,EXPENDITURE,74,248,Cemeteries,,בתי עלמין,,مقابر,,,"הכנסות הרשות משירותי קבורה בבתי עלמין שבשטחה.לדוגמא- החזרים מביטוח לאומי ואגרות שמשולמות ע""י חברה קדישא
הערה- בחלק מהרשויות פועלים תאגידים המספקים שירותי קבורה שהכנסותיהם אינם מתבטאות בתקציב הרשות",,,,
749,EXPENDITURE,74,249,Other Public Assets,,נכסים ציבוריים אחרים,,الأصول العامة الأخرى,,,,,,,
75,EXPENDITURE,7,25,"Celebrations, Projects and Events",,חגיגות מבצעים ואירועים,,احتفالات كبيرة واحداث,,,"הכנסות עצמיות של הרשות מחגיגות יום העצמאות ואירועים אחרים, וכן השכרת ציוד לאירועים",,,,
751,EXPENDITURE,75,251,Independence Day Celebration,,חגיגות יום העצמאות,,احتفالات عيد الاستقلال,,,,,,,
752,EXPENDITURE,75,252,Celebrations and other Ceremonies,,חגיגות וטכסים אחרים,,الاحتفالات وغيرها من الطقوس,,,,,,,
753,EXPENDITURE,75,253,Adoption Events/Activities,,פעולות אימוץ,,تطبيقات تبني,,,,,,,
754,EXPENDITURE,75,254,International Relations,,קשרים בינלאומיים,,علاقات دولية,,,,,,,
756,EXPENDITURE,75,256,International Conferences and Events,,כנסים ואירועים בינלאומיים,,المؤتمرات الدولية,,,,,,,
76,EXPENDITURE,7,26,Various Municipal Services,,שירותים עירוניים שונים,,خدمات حضرية مختلفة,,,"הכנסות שונות משירותים עירוניים כגון אגרות בתי משפט, פעילות ארכיונים עירוניים ומכירת שירותים שונים. ",,,,
761,EXPENDITURE,76,261,Municipal Help Center/call line,,מוקד עירוני,,مركز حضري,,,,,,,
762,EXPENDITURE,76,262,Information for the Public,,מידע לציבור,,معلومات للجمهور,,,"השתתפות ממשלה ומוסדות שונים באספקת מידע לציבור, לדוגמה- מענק משרד הביטחון עבור הכוונת חיילים משוחררים.",,,,
764,EXPENDITURE,76,264,Association for the Culture of Living,,תרבות הדיור,,ثقافة السكن,,,הכנסות עצמיות של הרשות מאגרות ועדי בתים ,,,,
765,EXPENDITURE,76,265,General Institutions,,מוסדות כלליים,,المؤسسات العامة,,,"הוצאות הרשות עבור הנחות במיסים ותמיכה במוסדות שפועלים בתחומיה בנושאי בריאות ורווחה, איכות סביבה, מיעוטים ועוד. ",,,,
766,EXPENDITURE,76,266,Local Committees,,ועדים מקומיים,,اللجان المحلية,,,"תשלומי תמיכה של הרשות בועדים עירוניים במועצות האזוריות. ועד מקומי הוא גוף מנהל ומבצע הקיים בכל ישוב במועצה אזורית, ופועל במקביל ובכפוף למועצה האזורית אליה הוא משתייך.
הערה- חלק מהוצאות הרשות עבור ועדים מקומיים נרשמות תחת תחומי ההוצאה השונים ",,,,
767,EXPENDITURE,76,267,Municipality Elementary Insurance ,,בטוח אלמנטרי לרשות,,بلدية التأمين الابتدائية,,,"הוצאות עבור ביטוחי מבנים ורכוש של הרשות. 
הערה- חלק מהרשויות מפזרות את סעיפי הביטוח במחלקות השונות.",,,,
768,EXPENDITURE,76,268,Mif'am - Regional Training Center,,מפעם - מרכז הדרכה אזורי,,مفعم -مركز الإرشاد الإقليمي,,,,,,,
769,EXPENDITURE,76,269,Various Services,,שירותים שונים,,الخدمات المختلفة,,,הוצאות הרשות עבור שירותים שונים המשתנים בין רשות לרשות,,,,
77,EXPENDITURE,7,27,Economic Development,,פיתוח כלכלי,,التنمية الاقتصادية,,,"הוצאות עבור פעילות שמעודדת תעשייה ותיירות  ברשות, כגון תפעול ופרסום אזורים מניבי עסקים בתחומי הרשות, והוצאות למיזמים מיוחדים דוגמת פרויקט אופניים ברשות.",,,,
771,EXPENDITURE,77,271,Recreation and Tourist Promotion,,עידוד קייט ותיירות,,الترفيه والدعم السياحي,,,,,,,
772,EXPENDITURE,77,272,Industry and Handicraft Promotion,,עידוד תעשיה ומלאכה,,تشجيع الصناعة والحرف اليدوية,,,,,,,
773,EXPENDITURE,77,273,Municipal Companies/Corporates,,חברות עירוניות,,الشركات البلدية,,,,,,,
7731,EXPENDITURE,773,2731,Shares Capital,,הון מניות,,رأس المال,,,,,,,
7732,EXPENDITURE,773,2732,Owners' Loans and Capital Notes,,הלוואות בעלים ושטרי הון,,قروض المساهمين، وتلاحظ العاصمة,,,,,,,
78,EXPENDITURE,7,28,Municipal Supervision,,פיקוח עירוני,,تفتيش البلدية,,,"הוצאות הרשות על שכר, ציוד ומחשוב עבור פיקוח ואכיפה של חוקי עזר עירוניים והשתתפות הרשות בהוצאות בתי המשפט העירוניים.",,,,
781,EXPENDITURE,78,281,Supervision of By-Laws,,פיקוח על חוקי עזר,,الإشراف على اللائحة الداخلية,,,,,,,
782,EXPENDITURE,78,282,Municipal Court,,בית משפט עירוני,,محكمة البلدية,,,,,,,
79,EXPENDITURE,7,29,Agricultural Services,,שירותים חק לאיים,,خدمات للمزارعين,,,"הוצאות הרשות עבור שירותים חקלאיים, כולל הדברת מזיקים, תצפיות, עבודות ניקוז והדרכה חקלאית.",,,,
791,EXPENDITURE,79,291,Agricultural Services Administration,,מינהל שירותים חקלאים,,إدارة خدمات المزارعين,,,,,,,
792,EXPENDITURE,79,292,Field Service,,שרות השדה,,الخدمات الميدانية,,,,,,,
793,EXPENDITURE,79,293,Fighting Harmful Insects to the Agriculture,,מלחמה במזיקים לחקלאות,,حرب الآفات الزراعية,,,,,,,
794,EXPENDITURE,79,294,Observation and Experiment Sites,,תצפיות ותחנות ניסיונות,,مواقع المراقبة والتجربة,,,,,,,
795,EXPENDITURE,79,295,Agricultural training/support,,הדרכה חקלאית,,التدريب الزراعي,,,,,,,
796,EXPENDITURE,79,296,Local and Regional Drainage Works,,עבודות ניקוז מקומי ואזורי,,تصريف الأعمال المحلية والإقليمية,,,,,,,
797,EXPENDITURE,79,297,Field Guarding,,שמירת שדות,,حفظ الحقول,,,,,,,
799,EXPENDITURE,79,299,Other Agricaltural Services,,שירותים חקלאיים אחרים,,الخدمات الزراعية الأخرى,,,,,,,
8,EXPENDITURE,,3,State/Municipal Services,,שירותים ממלכתיים,,الخدمات الحكومية,,,,,,,
81,EXPENDITURE,8,31,Education,,חינוך,,تعليم,,,"הוצאות לחינוך משקפות את נפח הפעילות התקציבית של הרשות במתן שירותי חינוך.
",,,,
811,EXPENDITURE,81,311,Educational Administration,,מינהל החינוך,,إدارة التعليم,,,"הוצאות הרשות עבור שכר, ציוד, מחשוב ותפעול מנהלי החינוך בתחומה. ",,,,
812,EXPENDITURE,81,312,Pre-School Education,,חינוך קדם יסודי,,التعليم قبل المدرسي,,,"הוצאות הרשות עבור שכר גננות  וסייעות, ביטוח, ציוד, תפעול שוטף ותכניות שונות בגני חובה וטרום חובה, כולל פעוטונים, גני מועדון וצהרנים. ",,,,
8121,EXPENDITURE,812,,Pre-School Education Administration,,מינהל החינוך הקדם יסודי,,إدارة التعليم قبل المدرسي,,,,,,,
8122,EXPENDITURE,812,3122,Mandatory Kindergardens,,גני ילדים גיל חובה,,رياض الأطفال إلزامية,,,,,,,
8123,EXPENDITURE,812,3123,Pre-Mandatory Kindergardens,,גני ילדים טרום חובה,,رياض الأطفال ما قبل الإلزامي,,,,,,,
8124,EXPENDITURE,812,3124,Day Care and Nursery Schools,,מעונות ופעוטונים,,الرعاية النهارية ودور الحضانة المدارس,,,,,,,
8125,EXPENDITURE,812,3125,Nursery School and After Nursery School Clubs,,גני מועדון וצהרונים,,نادي الحدائق وبرامج ما بعد المدرسة,,,,,,,
8126,EXPENDITURE,812,3126,Special Education Kindergardens,,גני ילדים לחינוך מיוחד,,رياض الأطفال التربية الخاصة,,,,,,,
8128,EXPENDITURE,812,3128,Summer Camp/Additional School Month for Kindergardens,,קייטנה/חודש לימודים נוסף לגנ״י,,مخيم صيفي / مدرسة إضافية شهر لرياض الأطفال,,,,,,,
813,EXPENDITURE,81,313,Elementary Education,,חינוך יסודי,,التعليم الإبتدائي,,,"הוצאות הרשות עבור שכר שרתים ומזכירות, ציוד ותפעול בתי ספר יסודיים בתחומה. הסעיף כולל הוצאות עבור חינוך מיוחד לרבות הסעות ושכר סייעות טיפוליות. 
הערה- שכר המורים בחינוך היסודי משולם ישירות על ידי המדינה ואינו נכלל בתקציב הרשות.",,,,
8131,EXPENDITURE,813,3131,Elementary Education Administration,,מינהל החינוך היסודי,,إدارة التعليم الابتدائي,,,,,,,
8132,EXPENDITURE,813,3132,Elementary Schools,,בתי״ס יסודיים,,المدارس الابتدائية,,,,,,,
8133,EXPENDITURE,813,3133,Special Education,,חינוך מיוחד,,التعليم الخاص,,,,,,,
8134,EXPENDITURE,813,3134,After School Gifted and Abled Students' Classes,,חוגים לתלמידים מחוננים ומוכשרים,,فئات الطلبة الموهوبين والمتفوقين,,,,,,,
8135,EXPENDITURE,813,3135,Small Yeshiva's and Talmud Toras,,ישיבות קטנות ותלמודי תורה,,الاجتماعات الصغيرة والتلمود التوراة,,,,,,,
8136,EXPENDITURE,813,3136,Schools' Complementary Education,,חינוך משלים בבתי״ס,,التعليم التكميلي في المدارس,,,,,,,
8137,EXPENDITURE,813,3137,Agricultural Ranches,,חוות חקלאיות,,المزارع,,,,,,,
8138,EXPENDITURE,813,3138,Educational Summer Camps and Summer-Month Schools,,קייטנות לימודיות וחודש לימוד נוסף,,مخيمات تعليمية وشهر معرفة المزيد,,,,,,,
814,EXPENDITURE,81,314,Junior High Schools,,חטיבות ביניים,,مدارس الأوسط,,,"הוצאות הרשות עבור שכר מורים ועובדי חטיבות הביניים, הוצאות תפעול שוטפות וכן הוצאות עבור פרויקטים מיוחדים בחטיבות הביניים, כגון מרכז ללקויות למידה ומערך תגבורים.  ",,,,
815,EXPENDITURE,81,315,Senior High Schools,,חינוך על יסודי,,مدرسة ثانوية,,,"הוצאות הרשות עבור שכר עובדי החינוך העל יסודי, כולל מורים, ספרנים, שרתים ועובדי מנהל, ועבור חומרים, ציוד, אחזקה ופרויקטים מיוחדים המופעלים בחינוך העל יסודי.
הערה- התקציב אינו מבטא הוצאות עבור חינוך על יסודי ברשויות שמפעילות בתי ספר באמצעות מלכ""רים ציבוריים או פרטיים  ",,,,
8151,EXPENDITURE,815,3151,Senior High Schools Administration,,מינהל החינוך העל יסודי,,إدارة التعليم الثانوي,,,,,,,
8152,EXPENDITURE,815,3152,Academic Senior High Schools,,בתי״ס על יסודיים עיוניים,,المدارس الثانوية النظرية,,,,,,,
8153,EXPENDITURE,815,3153,Evening Senior High Schools,,בתי״ס ערב על יסודיים,,المدارس المسائية للابتدائية,,,,,,,
8154,EXPENDITURE,815,3154,"High School Yeshivas, Female Students' Religious High Schools and מתיבתאות",,ישיבות תיכוניות אולפנות ומתיבתאות,,جلسات ثانوية אולפנות ומתיבתאות,,,,,,,
8155,EXPENDITURE,815,3155,Vocational Senior High Schools,,בתי״ס על יסודיים מקצועיים,,المدارس الثانوية والمهنية,,,,,,,
8156,EXPENDITURE,815,3156,Agricultural Senior High Schools,,בתי״ס על יסודיים חקלאיים,,المدارس الثانوية الزراعية,,,,,,,
8157,EXPENDITURE,815,3157,Comprehensive Senior High Schools,,בתי״ס על יסודיים מקיפים,,المدارس الابتدائية الشاملة,,,,,,,
816,EXPENDITURE,81,316,Higher Education,,חינוך גבוה,,التعليم العالي,,,"הוצאות הרשות עבור השתתפות במימון מוסדות להשכלה גבוהה ומתן מלגות לסטודנטים באוניברסיטאות, מכללות, ישיבות, בתי ספר לאמנות ועוד.",,,,
8162,EXPENDITURE,816,3162,Universities,,אוניברסיטאות,,الجامعات,,,,,,,
8163,EXPENDITURE,816,3163,Technological Higher Education Institutions,,מוסדות להשכלה טכנולוגית גבוהה,,مؤسسات التعليم التكنولوجي الرفيع,,,,,,,
8164,EXPENDITURE,816,3164,High Yeshivas and כוללים,,ישיבות גבוהות וכוללים,,المدارس الدينية اليهودية وتشمل,,,,,,,
8165,EXPENDITURE,816,3165,Teachers' Colleges,,בתי מדרש למורים,,بيت مدراش للمعلمين,,,,,,,
8166,EXPENDITURE,816,3166,Colleges,,מכללות,,الكليات,,,,,,,
8167,EXPENDITURE,816,3167,Art,,אמנות,,فن,,,,,,,
8168,EXPENDITURE,816,3168,Municipal Scholarship Fund,,קרן מלגות עירונית,,صندوق المنح الدراسية في المناطق الحضرية,,,,,,,
817,EXPENDITURE,81,317,Schools and Kindergardens Additional Services ,,שירותים נוספים לבתי״ס וגנ״י,,خدمات للمدارس ورياض الأطفال,,,"הוצאות הרשות עבור שירותים שונים לבתי ספר וגני ילדים, לרבות שירותים פסיכולוגיים, שירותי רווחה בחינוך ושמירה במוסדות חינוך.",,,,
8171,EXPENDITURE,817,3171,Educational Institutions' Guard and Security Officer ,,קב״ט שמירח ובטחון מוסדות חינוך,,ضابط أمن وأمن مؤسسات التعليم,,,"הוצאות הרשות עבור שירותי שמירה וביטחון במוסדות החינוך בתחומי הרשות. 
הערה- בחלק מהרשויות נרשמות הוצאות עבור אבטחת מוסדות חינוך תחת מנהל החינוך ",,,,
8172,EXPENDITURE,817,3172,Pedagogical Center,,מרכזית פדגוגית,,مركز التربوية,,,"הוצאות הרשות עבור שכר עובדים, ציוד ואחזקת מרכזי הדרכה וייעוץ פדגוגיים ",,,,
8173,EXPENDITURE,817,3173,Psychoeducational Service,,שרות פסיכולוגי חינוכי,,الخدمة النفسية التعليمية,,,"הוצאות הרשות עבור שירותים פסיכולוגיים במערכות החינוך בתחומה, לרבות שכר פסיכולוגים, השתלמויות, מחקרים, ציוד ותפעול המרכזים הפסיכולוגיים החינוכיים.",,,,
8174,EXPENDITURE,817,3174,Student Health Service,,שרות בריאות לתלמיד,,خدمة الصحة الطلابية,,,"הוצאות הרשות עבור תפעול שירותי בריאות לתלמידים
הערה- לא כולל שכר אחות בית ספר",,,,
8175,EXPENDITURE,817,3175,Student Insurance,,בטוח תלמידים,,تأمين الطلاب,,,"הוצאות הרשות עבור ביטוח תלמידים במערכות החינוך ברשות. 
הערה- בפועל, רוב הרשויות רושמות הוצאות עבור ביטוח במנהל החינוך או תחת חינוך יסודי, על יסודי וכו'.",,,,
8176,EXPENDITURE,817,3176,Educational Welfare Service,,רווחה חינוכית,,الرعاية التعليمية,,,"הוצאות הרשות על שכר ועבודות קבלניות עבור תכניות רווחה בחינוך- לדוגמה פרוייקטים של שיקום שכונות, תכניות התערבות והעצמת נוער.",,,,
8177,EXPENDITURE,817,3177,School Attendance Officers,,קב״סים,,ضباط الحضور في المدارس,,,"קב""סים= קציני ביקור סדיר. 
הוצאות הרשות עבור מעקב אחר תלמידים שנשרו מבתי ספר והחזרתם למסגרת לימודים",,,,
8178,EXPENDITURE,817,3178,Children Transportation,,הסעות ילדים,,نقل الأطفال,,,"הוצאות הרשות עבור הסעות תלמידים וליווי בחינוך המיוחד, וכן הסעות לפרוייקטים מיוחדים בבתי ספר ובגנים. ",,,,
8179,EXPENDITURE,817,3179,Other Services,,שירותים אחרים,,خدمات أخرى,,,"הוצאות הרשות עבור שירותים שונים בחינוך, דוגמת שיפוצים ופרוייקטים מיוחדים. ",,,,
818,EXPENDITURE,81,318,Adult Education,,חינוך מבוגרים,,تعليم الكبار,,,הוצאות הרשות עבור אולפני שפה ומרכזי חינוך למבוגרים ,,,,
819,EXPENDITURE,81,319,Special Educational Services,,שירותי חינוך מיוחדים,,خدمات التعليم الخاص,,,,,,,
8191,EXPENDITURE,819,3191,Recognized Non-Municipal and Non-State Education,,חינוך מוכר שאינו רשמי,,التعليم المعترف بها ليس رسميا,,,,,,,
82,EXPENDITURE,8,32,Culture,,תרבות,,ثقافة,,,"הוצאות הרשות עבור מנהל התרבות והספורט ומרכזים קהילתיים בתחומה, כולל הפעלה שוטפת של מתנ""סים, תנועות נוער, ספריות, מוזיאונים ומרכזי תרבות, וכן מימון אירועי תרבות, ספורט ואמנות מיוחדים.",,,,
821,EXPENDITURE,82,321,Culture Administration,,מינהל התרבות,,إدارة الثقافة,,,,,,,
822,EXPENDITURE,82,322,Culture Activities/initiatives/Events,,פעולות תרבות,,النشطات الثقافية,,,,,,,
823,EXPENDITURE,82,323,Municipal Libraries,,ספריות עירוניות,,المكاتب المدينة,,,,,,,
824,EXPENDITURE,82,324,Community Centers,,מתנ״סים,,مراكز اجتماعية,,,,,,,
825,EXPENDITURE,82,325,Music and Dance,,מוסיקה ומחול,,الموسيقى والرقص,,,,,,,
8251,EXPENDITURE,825,3251,Music Conservatory,,קונסרבטוריון,,موسيقى الكونسرفاتوار,,,,,,,
8252,EXPENDITURE,825,3252,Municipal Orchestra,,תזמורת עירונית,,أوركسترا حضرية,,,,,,,
8254,EXPENDITURE,825,3254,Municipal Choir,,מקהלה עירונית,,جوقة بلدية,,,,,,,
826,EXPENDITURE,82,326,Cultural Centers,,מוקדי תרבות,,المراكز الثقافية,,,,,,,
8261,EXPENDITURE,826,3261,Theatres,,תיאטרונים,,مسارح,,,,,,,
8262,EXPENDITURE,826,3262,Museums ,,מוזיאונים,,متاحف,,,,,,,
8263,EXPENDITURE,826,3263,Zoo,,גן חיות,,حديقة الحيوانات,,,,,,,
8264,EXPENDITURE,826,3264,Other Cultural Centers,,מוקדי תרבות אחרים,,مراكز ثقافية أخرى,,,,,,,
827,EXPENDITURE,82,327,Jewish Religious Culture,,תרבות תורנית,,الثقافة الدينية,,,,,,,
828,EXPENDITURE,82,328,Youth,,נוער,,شباب,,,,,,,
8281,EXPENDITURE,828,3281,Youth Administration,,מינהל הנוער,,ادارة الشباب,,,,,,,
8282,EXPENDITURE,828,3282,Youth Activation Administration,,מוקדי הפעלת נוער,,مراكز  تشغيل الشباب,,,,,,,
8283,EXPENDITURE,828,3283,After school youth programs,,חוגי נוער,,برامج الشباب,,,,,,,
8284,EXPENDITURE,828,3284,Youth Summer Camps,,קייטנות נוער,,المخيمات الصيفية للشباب,,,,,,,
8289,EXPENDITURE,828,3289,Youth Movements,,תנועות נוער,,حركات الشباب,,,,,,,
83,EXPENDITURE,8,33,Health,,בריאות,,الصحة,,,"הוצאות הרשות על שכר, ציוד ותפעול שירותי בריאות בתחומה. כולל שירותים מנהליים, הפעלת מרפאות כלליות, שירותי סיעוד, מרפאות שיניים, טיפת חלב ופעילות מד""א. ",,,,
832,EXPENDITURE,83,332,Clinics,,מרפאות,,عيادات,,,,,,,
8321,EXPENDITURE,832,3321,Consultation Clinics,,מרפאות יעוץ,,عيادات تقسيم المناطق,,,,,,,
8322,EXPENDITURE,832,3322,General Clinics,,מרפאות כלליות,,عيادات عامة,,,,,,,
8323,EXPENDITURE,832,3323,Dental Clinics,,מרפאות שיניים,,عيادات الأسنان,,,,,,,
8324,EXPENDITURE,832,3324,Child and Mother Clinics,,תחנות אם וילד,,عيادات الطفل والأم,,,,,,,
833,EXPENDITURE,83,333,Hospitals,,בתי חולים,,المستشفيات,,,,,,,
8331,EXPENDITURE,833,3331,General Hospitals,,בתי חולים כלליים,,المستشفيات العامة,,,,,,,
8332,EXPENDITURE,833,3332,Other Hospitals,,בתי חולים אחרים,,مستشفيات أخرى,,,,,,,
834,EXPENDITURE,83,334,Nursing Schools,,בתי ספר לאחיות,,مدارس التمريض,,,,,,,
835,EXPENDITURE,83,335,Other Health Institutions,,מוסדות בריאות אחרים,,المؤسسات الصحية الأخرى,,,,,,,
836,EXPENDITURE,83,336,Emergency Health Services,,שירותי חירום ריפואים,,الخدمات الطبية الطارئة,,,,,,,
8361,EXPENDITURE,836,3361,Red David Shield,,מד״א,,ماجن دافيد أدوم,,,,,,,
8362,EXPENDITURE,836,3362,Intensive Care Unit,,נט״ן,,وحدة العناية الطارئة,,,,,,,
8363,EXPENDITURE,836,3363,Physician call center,,מוקד לתורנויות של רופאים,, مركز تناوب الأطباء,,,,,,,
837,EXPENDITURE,83,,Reserach Activities,,פעולות מחקר,,عمليات بحوث,,,,,,,
839,EXPENDITURE,83,,Supported Health Institutions,,מוסדות בריאות נתמכים,,المؤسسات الصحية المدعومة,,,,,,,
84,EXPENDITURE,8,34,Welfare,,רווחה,,الرعاية الاجتماعية,,,"הוצאות הרשות על שכר וציוד בעבור שירותי רווחה ברשות, כולל שירותים מנהליים, אחזקת מוסדות טיפול ושיקום במשפחות ונוער במצוקה, קשישים, בעלי צרכים מיוחדים ועוד.",,,,
841,EXPENDITURE,84,341,Welfare,,מינהל הרווחה,,إدارة الرعاية الاجتماعية,,,"הוצאות הרשות עבור שכר עובדים, ציוד, אחזקה ותפעול לשכות הרווחה ברשות.",,,,
842,EXPENDITURE,84,342,Individal and Family Welfare,,רווחת הפרט והמשפחה,,رعاية الأسرة والفرد,,,"הוצאות הרשות עבור שכר עובדים, ציוד, אחזקה ותפעול מרכזי הדרכה וייעוץ למשפחות במצוקה, מקלטים לנשים מוכות, מרכזים למניעת אלימות ועוד. ",,,,
8422,EXPENDITURE,842,3422,Special Needs,,צרכים מיוחדים,,الاحتياجات الخاصة,,,,,,,
8424,EXPENDITURE,842,3424,Family Guidance and Training,,הדרכת משפחות,,الإرشاد الأسري,,,,,,,
8425,EXPENDITURE,842,3425,Professional/Occupational Support,,סמך מקצועי,,الدعم المهني,,,,,,,
843,EXPENDITURE,84,343,Child and Youth Services,,שירותים לילד ולנוער,,خدمات الأطفال والشباب,,,"הוצאות הרשות עבור שכר, ציוד ותפעול של פנימיות, משפחתונים ומעונות יום, ועבור הפעלת תוכניות שונות בתחום רווחת ילדים ונוער, דוגמת טיפול בילדים בסיכון וטיפול בפגיעות מיניות.  ",,,,
8435,EXPENDITURE,843,3435,Community Activities,,פעולות קהילתיות,,الأنشطة المجتمعية,,,,,,,
8438,EXPENDITURE,843,3438,Keeping Children in Boarding Schools,,אחזקת ילדים בפנימיות,,إبقاء الأطفال في المدارس الداخلية,,,,,,,
8439,EXPENDITURE,843,3439,Keeping Children in Day Care and Day Foster Homes,,אחזקת ילדים במעונות יום ואומנות יומיות,,إبقاء الأطفال في الرعاية النهارية ودور الحضانة,,,,,,,
844,EXPENDITURE,84,344,Services to the Elderly,,שירותים לזקן,,خدمات المسنين,,,"הוצאות הרשות עבור שכר, ציוד ותפעול של מעונות מוסדיים ומסגרות יומיות לקשישים, מעקב אחר חוק סיעוד ועבור שירותים בקהילה ופרויקטים מיוחדים דוגמת פרוייקט ניצולי שואה ותעסוקה לגיל השלישי. ",,,,
8443,EXPENDITURE,844,3443,Services to the Elderly - Institutional,,שירותים לזקן - מוסדי,,خدمات المسنين - المؤسسية,,,,,,,
8444,EXPENDITURE,844,3444,Services to the Elderly - Communal,,שירותים לזקן - קהילתי,,خدمات المسنين - المجتمع,,,,,,,
8445,EXPENDITURE,844,3445,Occupation and Day Centers for the Elderly,,תעסוקה ומרכזי יום לקשיש,,توظيف والمراكز النهارية للمسنين,,,,,,,
845,EXPENDITURE,84,345,Services for the Retarded,,שירותים למפגר,,خدمات للمعاقين,,,"הוצאות הרשות עבור שכר, ציוד ותפעול של מוסדות  ומרכזי טיפול ותעסוקה לבעלי פיגור ומוגבלויות.",,,,
8451,EXPENDITURE,845,3451,Placing Retarded People in Institutions,,סידור מפגרים במוסדות,,تنظيم المعوقين في المؤسسات,,,,,,,
8452,EXPENDITURE,845,3452,Placing Retarded People in Other Programs,,סידור מפגרים במסגרות,,تنظيم المعوقين في إطارات,,,,,,,
8453,EXPENDITURE,845,3453,Day Services for the Retarded - communal,,יום שירותים למפגר - קהילתי,,خدمات يوم للمعاقين - اجتماعي,,,,,,,
8454,EXPENDITURE,845,3454,Occupational Plants for the Retarded and Maas??,,מפעלי תעסוקה למפגר ומע״ש,,مصانع توظيف للمعاقين ,,,,,,,
846,EXPENDITURE,84,346,Rehabilitation Services,,שירותי שיקום,,خدمات إعادة التأهيل,,,"הוצאות הרשות עבור שכר, ציוד ותפעול של שירותי שיקום, קהילה ותעסוקה לעוורים ובעלי מוגבלויות שונות",,,,
8461,EXPENDITURE,846,3461,Blind Rehabilitation - Keeping in Institutions,,שיקום העיוור - אחזקה במוסדות,,إعادة تأهيل الأعمى-صيانة المؤسسات,,,,,,,
8462,EXPENDITURE,846,3462,Blind Rehabilitation - Maintenance,,שיקום העיוור - אחזקה,,إعادة تأهيل الأعمى-صيانة,,,,,,,
8463,EXPENDITURE,846,3463,Treating the Blind in the Community,,טיפול בעיוור בקהילה,,الرعاية المجتمعية للأعمى,,,,,,,
8464,EXPENDITURE,846,3464,Occupational Plants for the Blind,,מפעלי תעסוקה לעיוורים,,مصانع توظيف للأعمى,,,,,,,
8465,EXPENDITURE,846,3465,Disabled - Rehabilitation in Institutions,,נכים - שיקום במוסדות,,معاق - مؤسسات إعادة التأهيل,,,,,,,
8466,EXPENDITURE,846,3466,Disabled - Keeping in Programs,,נכים - אחזקה במסגרות,,معاق - صيانة المؤسسات,,,,,,,
8467,EXPENDITURE,846,3467,Day Disabled - Treating in the Community,,יום נכים - טיפול בקהילה,,يوم معاقين - الرعاية المجتمعية,,,,,,,
8468,EXPENDITURE,846,3469,Disabled - Rehabilitation in Occupational Factories,,נכים - שיקום במפעלי תעסוקה,,معاق - إعادة التأهيل في مصانع توظيف,,,,,,,
847,EXPENDITURE,84,347,Corrective Services,,שירותי תיקון,,خدمات إصلاح,,,"הוצאות הרשות עבור שכר, ציוד ותפעול של מפתנים ופרויקטים לטיפול בילדים ונוער במצוקה, פרויקטים למלחמה בסמים ואלכוהול ועוד.",,,,
8471,EXPENDITURE,847,3471,Treating Street Gangs and At-Risk?? Hardship Youth,,טיפול בחבורות רחוב ונוער במצוקה,, علاج عصابات الشوارع والشباب المضطرب,,,,,,,
8472,EXPENDITURE,847,3472,Youth Shelter Authority,,חסות נוער,,حماية الشباب,,,,,,,
8473,EXPENDITURE,847,3473,Drugs ,,סמים,,المخدرات,,,,,,,
8474,EXPENDITURE,847,3474,Occupational Centers Miftan,,מפתנים,,عتبات,,,,,,,
848,EXPENDITURE,84,348,Community Work,,עבודה קהילתית,,العمل الاجتماعي,,,"הוצאות הרשות עבור שכר, ציוד ותפעול של מרכזים קהילתיים, הפעלת התנדבות בקהילה ופרויקטים של שיקום שכונות.",,,,
8482,EXPENDITURE,848,3482,Community Centers,,מרכזים קהילתיים,,المراكز الاجتماعية,,,,,,,
8483,EXPENDITURE,848,3483,Volunteering,,התנדבות,,تطوع,,,,,,,
8484,EXPENDITURE,848,3484,Civic advisory service,,שרות יעוץ לאזרח שי״ל,,الخدمات الاستشارية المدنية,,,,,,,
8485,EXPENDITURE,848,3485,Neighborhood Rehabilitation,,שיקום שכונות,,تجديد أحياء,,,,,,,
849,EXPENDITURE,84,349,emmigrants services,,שירותים לעולים,,خدمات المهاجرين,,,הוצאות הרשות עבור מתן שירותי רווחה לאוכלוסיות עולים.,,,,
85,EXPENDITURE,8,35,Religion,,דת,,دين,,,"הוצאות הרשות עבור שירותי דת כוללות השתתפות שוטפת של הרשות בתקציב המועצות הדתיות היהודיות בשטחה, המספקות שירותי דת כמו נישואין, כשרות ומקוואות וכן מתן שירותי דת שונים לדתות השונות בשטחה.",,,,
851,EXPENDITURE,85,351,Participation in Religious Council Budget,,השתתפות בתקציב המועצה הדתית,,المشاركة في المجلس الديني الميزاني,,,,,,,
852,EXPENDITURE,85,352,Religious Services for Karaim,,שירותי דת לקראים,,קראים?!,,,,,,,
853,EXPENDITURE,85,353,Religious Services for Muslims,,שירותי דת למוסלמים,,الخدمات الدينية للمسلم,,,,,,,
854,EXPENDITURE,85,354, Religious Services for Christian Groups,,שירותי דת לעדות הנוצריות,,الخدمات الدينية للطوائف المسيحية,,,,,,,
855,EXPENDITURE,85,355,Religious Services for Drouses,,שירותי דת לדרוזים,,الخدمات الدينية للدرزي,,,,,,,
856,EXPENDITURE,85,356, General Jewish Religious Services,,שירותי דת יהודיים כללים,,الخدمات الدينية اليهودية العامة,,,,,,,
857,EXPENDITURE,85,357,Religious Services in Regional Municipalities,,שירותי דת במועצות אזוריות,,الخدمات الدينية في المجالس الإقليمية,,,,,,,
859,EXPENDITURE,85,359,Various Religious Services,,שירותי דת שונים,,الخدمات الدينية المختلفة,,,,,,,
86,EXPENDITURE,8,36,emmigrant Absorption,,קליטת עליה,,استيعاب المهاجرين,,,"הוצאות הרשות עבור מתן שירותי קליטה, כולל הפעלת מוקדי קליטה לעולים ותכניות שונות לאוכלוסיות עולים בשטחה. לדוגמא- פרויקט מנהיגות צעירה לעולים מאתיופיה, תגבור לימודי לעולים ועוד.",,,,
869,EXPENDITURE,86,369,Various Services for emmigrant Absorption,,שירותים שונים לקליטת העלייה,,خدمات مختلفة لاستيعاب المهاجرين,,,,,,,
87,EXPENDITURE,8,37,Environmental Protection/Quality,,איכות הסביבה,,جودة البيئة,,,"הוצאות הרשות עבור שכר, ציוד ותפעול פרויקטים הקשורים לאיכות הסביבה. לדוגמא- פיתוח תוכנות לימודים ואירועים בנושא, הפרדת פסולת ועוד.",,,,
879,EXPENDITURE,87,379,Additional Services for Environmental Protection,,שירותים נוספים לאיכות הסביבה,,خدمات أخرى لجودة البيئة,,,,,,,
9,EXPENDITURE,,4,Projects/Enterprises,,מפעלים,,مصانع,,,,,,,
91,EXPENDITURE,9,41,Water,,מים,,المياه,,,"הוצאות הרשות עבור שכר, ציוד ותפעול מחלקת המים ותאגיד המים הפועל בשטחה. 
הערה- ברוב הרשויות פועל כיום תאגיד מים. הוצאות התאגיד לא נרשמות בתקציב הרשות.",,,,
911,EXPENDITURE,91,411,Water Administration,,מינהל המים,,إدارة المياه,,,,,,,
912,EXPENDITURE,91,412,Collection,,גביה,,جمع,,,,,,,
913,EXPENDITURE,91,413,Water Infrastructure Operation and Maintenance ,,תפעול ואחזקת משק המים,,تشغيل وصيانة المياه,,,,,,,
9131,EXPENDITURE,913,4131,Water Purchase,,קנית מים,,شراء المياه,,,,,,,
9132,EXPENDITURE,913,4132,Water Production System Maintenance,,אחזקת מערכת הפקת מים,,صيانة نظام إنتاج المياه,,,,,,,
92,EXPENDITURE,9,42,Slaughter Houses,,בתי מטבחיים,,المسالخ,,,"הוצאות הרשות עבור שכר, ציוד ותפעול של בתי מטבחיים בשטחה. ",,,,
922,EXPENDITURE,92,422,Municipal Slaughter Houses,,בתי מטבחיים עירוניים,,المسالخ البلدية,,,,,,,
923,EXPENDITURE,92,423,Associated Municipal Slaughter Houses,,בתי מטבחיים באגוד ערים,,مسالخ البلدية المرتبطة,,,,,,,
93,EXPENDITURE,9,43,Properties/Assets,,נכסים,,ممتلكات,,,"הוצאות הרשות עבור שכר עובדי אגף נכסי וקרקעות הרשות, הוצאות שמאות, מדידות פיקוח ורישום, תפעול שווקים ומבני ציבור. ",,,,
931,EXPENDITURE,93,431,Properties/Assets Administration,,מינהל הנכסים,,إدارة الممتلكات,,,,,,,
932,EXPENDITURE,93,432,Apartments,,דירות,,الشقق,,,,,,,
933,EXPENDITURE,93,433,Offices and Businesses,,משרדים ועסקים,,المكاتب والشركات,,,,,,,
934,EXPENDITURE,93,434,Industrial and Craft Buildings,,מבני מלאכה ותעשיה,,ورشة عمل والصناعة,,,,,,,
935,EXPENDITURE,93,435,Lands,,קרקעות,,الأراضي,,,,,,,
936,EXPENDITURE,93,436,Youth Hostels,,אכסניות נוער,,بيوت الشباب,,,,,,,
937,EXPENDITURE,93,437,Markets,,שווקים,,الأسواق,,,,,,,
938,EXPENDITURE,93,438,Municipality Offices,,משרדי הרשות,,مكاتب السلطة,,,,,,,
939,EXPENDITURE,93,439,Other Properties,,נכסים אחרים,,ممتلكات أخرى,,,,,,,
94,EXPENDITURE,9,44,Transportation,,תחבורה,,وسيلة نقل,,,"הוצאות הרשות עבור שכר עובדי אגף תחבורה ברשות, הוצאות עבור הפעלה ותפעול של תחנות אוטובוסים, מדחנים ועוד.
הערה- בחלק מהרשויות נרשמות הוצאות בעבור תחבורה בסעיף 74 'נכסים ציבוריים' או 77 'פיתוח כלכלי'",,,,
942,EXPENDITURE,94,442,Buses,,אוטובוסים,,الباصات,,,,,,,
9421,EXPENDITURE,942,4421,Municipality-Operated Bus Service,,שרות אוטובוסים בהפעלת הרשות,,خدمة خدمة بتشغيل السلطة,,,,,,,
9422,EXPENDITURE,942,4422,Public Bus Service,,שרות אוטובוסים ציבוריים,,خدمة الباصات العامة,,,,,,,
9423,EXPENDITURE,942,4423,Bus Stations,,תחנות אוטובוסים,,محطات الباصات,,,,,,,
943,EXPENDITURE,94,443,Vehicle Parking,,חניה למכוניות,,مواقف للسيارات,,,,,,,
9431,EXPENDITURE,943,4431,Parking Lots,,מגרשי חניה,,مواقف,,,,,,,
9432,EXPENDITURE,943,4432,Parking Cards and Street Meters,,כרטיסי חניה ומדחנים,,تذاكر وقوف السيارات وعدادات مواقف السيارات,,,,,,,
944,EXPENDITURE,94,444,Taxi Parking Lots,,חניה למוניות,,مواقف لسيارات الأجرة,,,,,,,
945,EXPENDITURE,94,445,Trains,,רכבות,,القطارات,,,,,,,
95,EXPENDITURE,9,45,Occupational Enterprises,,מפעלי תעסוקה,,مصانع توظيف,,,"הוצאות הרשות עבור מפעלי תעסוקה מיוחדים, לדוגמה מפעלים המעסיקים בעלי מוגבלויות ",,,,
96,EXPENDITURE,9,46,Electricity,,חשמל,,كهرباء,,,"הוצאות הרשות עבור תשתיות חשמל בשטחה.
 הערה- במרבית הרשויות, מפוזרות הוצאות הרשות עבור חשמל במחלקות השונות ",,,,
97,EXPENDITURE,9,47,Sewage Plant,,מפעל הביוב,,مصنع لمياه الصرف الصحي,,,"הוצאות הרשות עבור שכר, ציוד ותפעול מחלקת הביוב ותאגיד הביוב הפועל בשטחה. 
הערה- ברוב הרשויות פועל כיום תאגיד ביוב, והוצאות עבור ביוב לא נרשמות בתקציב הרשות.",,,,
971,EXPENDITURE,97,471,Sewage Administration,,מינהל הביוב,,إدارة مياه الصرف الصحي,,,,,,,
972,EXPENDITURE,97,472,Municipal Sewage,,ביוב עירוני,,مياه الصرف الصحي في المناطق الحضرية,,,,,,,
973,EXPENDITURE,97,473,Sewage Purification,,טיהור מי ביוב,,اعاده تدوير مياه الصرف الصحي,,,,,,,
974,EXPENDITURE,97,474,Sewage Home Pools Drainage,,ריקון בורות שופכין,,تفريغ حفر النفايات ,,,,,,,
98,EXPENDITURE,9,48,Other Plants/Enrterprises,,מפעלים אחרים,,مصانع أخرى,,,"הוצאות הרשות עבור שכר, ציוד ותפעול מפעלים אחרים בשטחה",,,,
99,EXPENDITURE,,59,Unusual Payments,,תשלומים בלתי רגילים,,مدفوعات غير عادية,,,הוצאות הרשות עבור העברות לתקציב הבלתי רגיל (תקציב פיתוח) של הרשות והפרשות לקרנות תקציביות,,,,
991,EXPENDITURE,99,591,Provisions to Budgetary Funds,,הפרשות לקרנות תקציביות,,أحكام لأموال الميزانية,,,הפרשות הרשות לקרנות שונות,,,,
9911,EXPENDITURE,991,5911,Provision to Storage Fund,,הפרשה לקרן למחסנים,,المساهمات في المستودعات,,,,,,,
9912,EXPENDITURE,991,5912,Provision to Shares/Stock Fund,,הפרשה לקרן למניות,,المساهمات في الأسهم,,,,,,,
9913,EXPENDITURE,991,5913,Provision to Employee Loan Fund,,הפרשה לקרן הלוואות לעובדים,,المساهمات في قروض موظف,,,,,,,
9914,EXPENDITURE,991,5914,Provision to Local Employees Committees' Non-Profit Loan Fund,,הפרשה לקרן גמ״ח לועדים מקומיים,,المساهمات في اللجان المحلية غير الربحية,,,,,,,
9915,EXPENDITURE,991,5915,Provision to Vehicle and Equipment Renewal,,הפרשה לקרן לחידוש רכב וציוד,,المساهمات في تجديد المركبات والمعدات,,,,,,,
9916,EXPENDITURE,991,5916,Provision to Neighborhoods' Fund,,הפרשה לקרן לשיכונים,,المساهمات في مشاريع الإسكان,,,,,,,
9919,EXPENDITURE,991,5919,Provision to Other Funds,,הפרשה לקרנות אחרות,,المساهمات في الصناديق الأخرى,,,,,,,
992,EXPENDITURE,99,,Budgetary Reserve (Including Price Rising),,רזרבה תקציבית (כולל התייקרויות),,ميزانية الاحتياطي (بما في ذلك الزيادات في الأسعار),,,"הוצאות הרשות עבור הוצאות בלתי צפויות, כולל הוצאות הנובעות מהתייקרויות במשק",,,,
993,EXPENDITURE,99,,Payments for Revenues from ???,,תשלומים להחזר הכנסות מש . ק .,,مدفوعات سداد التكاليف للدخل ???????,,,החזרי הרשות עבור הכנסות משנים קודמות,, ,,
994,EXPENDITURE,99,594,Special and Unexpected Expenses,,הוצאות מיוחדות ובלתי נצפות מראש,,المصروفات الخاصة لغير المخطط لها,,,"סעיף עבור הוצאות בלתי צפויות מראש של הרשות. לדוגמא- תאונות עבודה, הוצאות משפטיות בלתי צפויות, התייקרויות ועוד.",,,,
995,EXPENDITURE,99,115;116;117,Tax Discount by Law or By-Laws ,,הנחות ממיסים לפי חוק או תקנות,,خصم الضريبة بموجب القانون أو لوائح,,,"הוצאות הרשות עבור הנחות שניתנות בארנונה לאוכלוסייה הזכאית להנחות על פי חוק, לרבות אזרחים ותיקים, בעלי מוגבלויות, חיילים בשירות חובה ובעלי הכנסה נמוכה. 
הערה- חלק מהרשויות רושמות את ההנחות בארנונה כסעיף הוצאות, אל מול רישום ההכנסות הפוטנציאליות מארנונה בצד ההכנסות. לעומתן, רשויות אחרות רושמות את ההנחות בארנונה כסעיף הכנסות בלבד ",,,,
999,EXPENDITURE,99,599,Transfers for Deficit Recovery,,העברות לכיסוי גרעון,,التحويلات لتغطية العجز,,,,,,,
9991,EXPENDITURE,999,5991,Transfer of Grant for Cummulative Deficit Recovery ,,העברת מענק לכיסוי גרעון מצטבר,,نقل منح لتغطية العجز المتراكم,,,,,,,
9992,EXPENDITURE,999,5992,Transfer of Budgetary  for Deficit Recovery ,,העברת עודף תקציבי לכיסוי גרעון,,نقل فائض الميزانية لتغطية العجز,,,,,,,
9999,EXPENDITURE,999,5999,Transfer of Loans for Deficit Recovery,,העברת הלוואות לכיסוי גרעון,,نقل القروض لتغطية النقص,,,,,,,
09,EXPENDITURE,,,Auxiliary Budgets,,תקציבי עזר,,ميزانيات المعونة,,,"הוצאות עבור שירותים הניתנים על ידי יחידה מיחידות הרשות  ליחידה אחרת של אותה רשות. התקציב מתאזן בתקציב היחידות המקבלות את השירות, ואינו נכלל בסך הכל של התשלומים בתקציב.",,,,
091,EXPENDITURE,09,,Pensions and Benefits/Compensations,,גמלאות ופיצויים,,الفوائد والتعويض,,,,,,,
092,EXPENDITURE,09,,Municipality Office and Services,,משרד הרשות ושירותים,,مكتب السلطة وخدمات,,,,,,,
093,EXPENDITURE,09,,Mechanization/Automation ,,מיכון,,مكننة,,,,,,,
094,EXPENDITURE,09,,Logistics and Storages,,אפסנאות ומחסנים,,حفظ المخزونات والمخازن,,,,,,,
095,EXPENDITURE,09,,Workshops,,בתי מלאכה,,ورش العمل,,,,,,,
096,EXPENDITURE,09,,Garage and Vehicles,,מוסך ורכב,,المرآب والمركبات,,,,,,,
097,EXPENDITURE,09,,Transportation and Moving Services,,שירותי הסעה והובלה,,خدمات نقل والنقل,,,,,,,
098,EXPENDITURE,09,,Maintenance Public Properties,,החזקת נכסים ציבוריים,,صيانة الأصول العامة,,,,,,,
099,EXPENDITURE,09,,Loans Redemption,,פירעון מלוות,,سداد القروض,,,,,,,
1,REVENUE,,,Taxes and General Grant,,מסים ומענק כללי,,الضرائب والجنرال جرانت,,,,,,,
11,REVENUE,1,,Property Tax,,ארנונות,,الضرائب على الممتلكات,,,מס שנתי המוטל על תושבי הרשות המחזיקים בנכס על מנת לממן את פעילויות הרשות. ,,,,
111,REVENUE,11,,General Property Tax,,ארנונה כללית,,ضريبة الأملاك العامة,,," הכנסות הרשות מתשלומי ארנונה למגורים ועסקים. תעריפי הארנונה קבועים בחוק ומחושבים על פי גודל הנכס, סוג הנכס ואזור החיוב.",,,,
1111,REVENUE,111,,General Residential Property Tax - Current Collection,,ארנונה כללית למגורים - גביה שוטפת,,ضريبة الأملاك العامة للسكن - المجموعة الحالية,,,הכנסות שוטפות של הרשות מתשלומי התושבים עבור ארנונה למגורים.,,,,
1112,REVENUE,111,,General Residential Property Tax - Collection from Late Payment Balance,,ארנונה כללית למגורים - גביה מיתרת פיגורים,,ضريبة الأملاك العامة للسكن- جمع متأخرات,,,הכנסות הרשות מתשלומי התושבים עבור ארנונה למגורים שלא שולמו במועד וצברו קנסות.,,,,
1113,REVENUE,111,,General Non-Residential Property Tax- Current Collection,,ארנונה כללית שלא למגורים גביה שוטפת,,ضريبة الأملاك العامة ليس للسكن- المجموعة الحالية,,,"הכנסות שוטפות של הרשות מתשלומי ארנונה שאינה למגורים (עסקים, מבני ציבור וכדומה).",,,,
1114,REVENUE,111,,General Non-Residential Property Tax- Collection from Late Payment Balance,,ארנונה כללית שלא למגורים גבית מיתרת פיגורים,,ضريبة الأملاك العامة ليس للسكن- جمع متأخرات,,,"הכנסות הרשות מתשלומי התושבים עבור ארנונה למגורים (עסקים, מבני ציבור וכדומה) שלא שולמו במועד וצברו קנסות",,,,
112,REVENUE,11,,Property Tax replacement Revenues ,,הכנסות במקום ארנונה,,الدخل بدلا من الضرائب على الممتلكات,,,,,,,
113,REVENUE,11,,Financing Discounts (Pre-Paid Property Tax and Payent Arrangements),,הנחות מימון (ארנונה מראש והסדרי תשלומים),,خصم التمويل (ترتيبات الدفع قبل الضرائب),,,הכנסות הרשות מארנונה ששולמה מראש ובמסגרת הסדר תשלומים בתעריף מוזל,,,,
115,REVENUE,11,,Discounts for Beneficiaries,,הנחות לזכאים,,خصومات مؤهلة,,,"הכנסות הרשות מארנונה בתעריף מוזל, שמשולמת על ידי אוכלוסיה הזכאית להנחות על פי חוק, הכוללת אזרחים ותיקים, בעלי מוגבלויות, וחיילים בשירות חובה.
הערה- כיום, רוב הרשויות אינן רושמות בנפרד את סוגי ההנחות השונות. ",,,,
116,REVENUE,11,,Committee Discounts Due to Phisical Condition,,הנחות ועדה בגין מצב חומרי,,خصومات اللجنة نظرا لحالة المادية,,,"הכנסות הרשות מארנונה בתעריף מוזל, שמשולמת על ידי אוכלוסיה הזכאית להנחות בגין מצב כלכלי על פי מבחן הכנסה וקבלת קצבה.
הערה- כיום, רוב הרשויות אינן רושמות בנפרד את סוגי ההנחות השונות. ",,,,
117,REVENUE,11,,Other Committees Discounts,,הנחות ועדה אחרות,,خصومات اللجان الأخرى ,,,"הכנסות הרשות מארנונה בתעריף מוזל, שמשולמת על ידי ארגונים מתנדבים שקיבלו אישור בועדת ההנחות ברשות.
הערה- כיום, רוב הרשויות אינן רושמות בנפרד את סוגי ההנחות השונות. ",,,,
12,REVENUE,1,,Fees,,אגרות,,الرسوم ,,,"הכנסות הרשות מתשלומי התושבים עבור אגרות שונות. לדוגמה- הנפקת תעודות ואישורים, רשיונות לשלטים ומודעות והפעלת עסקים בלילה.",,,,
121,REVENUE,12,,Documents and Certificates,,תעודות ואישורים,,الشهادات والتصريحات,,,,,,,
122,REVENUE,12,,Sign Lisences Fee,,אגרת רשיונות לשלטים,,رسوم الترخيص للاشارات,,,,,,,
124,REVENUE,12,,Advertisements and Publications,,מודעות ופרסומים,,الإعلانات والمنشورات,,,,,,,
1241,REVENUE,124,,Advertisements on Billboards,,מודעות על לוחות,,إعلانات على لوحات,,,,,,,
1242,REVENUE,124,,Advertisements on Cinema screens,,מודעות על בדי קולנוע,,الإعلانات في صالات السينما,,,,,,,
1243,REVENUE,124,,Advertisements on Public Vehicles,,מודעות על רכב ציבורי,,الإعلانات على المركبات العامة,,,,,,,
1244,REVENUE,124,,Street Advertisements,,פרסום חוצות,,اعلان خارجى,,,,,,,
1245,REVENUE,124,,Cable Advertisements,,פרסום בכבלים,,الإعلان على التلفزيون,,,,,,,
129,REVENUE,12,,Various Fees,,אגרות שונות,,الرسوم المختلفة,,,,,,,
13,REVENUE,1,,Levies,,היטלים,,الجبايات,,,"הכנסות עצמיות של הרשות מהיטלים עבור שירותים שונים
הערה- במרבית הרשויות נרשמות הכנסות עבור היטלים במחלקות ספציפיות כגון תברואה, איכות סביבה, מים ועוד.",,,,
14,REVENUE,1,,Quotas,,מכסות,,الحصص,,,הכנסות הרשות מתשלומי מכסות המשולמות על ידי ועדים מקומיים במועצות אזוריות ואיגודי ערים בכלל הרשויות.,,,,
141,REVENUE,14,,Local Committees Quota,,מכסות הועדים המקומיים,,حصص اللجان المحلية,,,"הכנסות הרשות מתשלומי מכסות של הועדים המקומיים במועצות האזוריות. ועד מקומי הוא גוף מנהל ומבצע הקיים בכל ישוב במועצה אזורית, ופועל במקביל ובכפוף למועצה האזורית אליה הוא משתייך.
הערה- הוצאות הרשות עבור ועדים מקומיים נרשמות תחת תחומי ההוצאה השונים ",,,,
142,REVENUE,14,,Municipal Associations Quota,,מכסות לאיגודי ערים,,تغطية التجمعات السكانية,,,"הכנסות הרשות ממכסות המשולמות על ידי איגודי ערים שהיא חברה בהם. איגודי ערים הם התאגדויות של מספר רשויות מקומיות למטרת קידום מטרה משותפת בתחומים שונים, לדוגמא ביוב ומים, איכות סביבה וחינוך. האיגודים מספקים שירותים מקצועיים ותפעוליים לרשויות החברות בהם. 
הערה- הוצאות הרשות עבור איגודי ערים נרשמות תחת התחומים השונים השונים",,,,
15,REVENUE,1,,General Participation of Institutions,,השתתפויות כלליות של מוסדות,,مشاركة عامة من المؤسسات,,,"הכנסות חיצוניות כלליות של הרשות ממוסדות שונים, דוגמת הסוכנות היהודית, ההסתדרות הכללית וביטוח לאומי.
הערה- השתתפות מוסדות ייעודית (שאינה כללית) עבור מחלקה מסוימת נרשמת במחלקות השונות של הרשות.",,,,
155,REVENUE,15,,Participation of the Jewish Agency,,השתתפות הסוכנות היהודית,,مشاركة الوكالة اليهودية,,,,,,,
156,REVENUE,15,,Participation of the General Worker Organization,,השתתפות ההסתדרות הכללית,,المشاركة في الاتحاد العام,,,,,,,
157,REVENUE,15,,Participation of Other Institutes,,השתתפות מוסדות אחרים,,مشاركة المؤسسات الأخرى,,,,,,,
16,REVENUE,1,,Financing Revenues,,הכנסות מימון,,دخل التمويل,,,"הכנסות מימון של הרשות כוללות הכנסות מריבית, הצמדה והפרשי שערים על תשלומים שהועברו לרשות.",,,,
19,REVENUE,1,,General Grants,,מענקים כלליים,,المنح العامه,,,"מענקים שמועברים לרשות ממשרד הפנים, ביניהם 'מענק האיזון' שנועד עבור רשויות שהכנסותיהן אינן מספיקות על מנת לספק לתושביהן סל שירותים בסיסי. מענק האיזון מחושב על פי מצבה החברתי כלכלי של הרשות וגודלה, וניתן לרוב הגדול של הרשויות בישראל.",,,,
191,REVENUE,19,,General Balancing Grant,,מענק כללי לאיזון,,المنح العامه لتوازن,,,,,,,
192,REVENUE,19,,One-Time Grants,,מענקים חד פעמיים,,المنح لمرة واحدة,,,,,,,
193,REVENUE,19,,Capital Grant (Jerusalem),,מענק חבירה (ירושלים),,منح العاصمة (القدس),,,,,,,
194,REVENUE,19,,Emmigration Absorption Grant,,מענק לקליטת העלייה,,منحة هجرة الامتصاص,,,,,,,
195,REVENUE,19,,Arrangement Grants,,מענקי הסדר,,ترتيب المنح,,,,,,,
196,REVENUE,19,,Other Grants,,מענקים אחרים,,منح أخرى,,,,,,,
197,REVENUE,19,,Grant - Reserve for Price Rising,,מענק - רזרבה להתייקרות,,منحة - احتياطي لزيادة في الأسعار,,,,,,,
2,REVENUE,,,Local Services,,שירותים מקומיים,,الخدمات المحلية,,,,,,,
21,REVENUE,2,,Sanitation,,תברואה,,الصرف الصحي,,,"הכנסות הרשות משירותים שקשורים בשירותי תברואה שהיא מספקת, דוגמת היטלי ביוב, פינוי פסולת והכנסות ממחזור. ",,,,
212,REVENUE,21,,Cleaning services,,שירותי ניקיון,,خدمات التنظيف,,,הכנסות הרשות מאגרות שמשולמות עבור שירותי הניקיון שהיא מספקת. ,,,,
2121,REVENUE,212,,Cleaning services administration,,מינהל שירותי ניקיון,,إدارة خدمات التنظيف,,,"הוצאות הרשות עבור שכר עובדים, ציוד וחומרים עבור מנהל שירותי הניקיון והפיקוח עליו. ",,,,
2122,REVENUE,212,,Street cleaning,,ניקוי רחובות,,تنظيف الشوارع,,,הכנסות הרשות מצווי ניקוי שניתנים לתושבים על פי חוק שמירת הניקיון.  ,,,,
2123,REVENUE,212,,Garbage collection and disposal,,אסוף ובעור אשפה,, جمع القمامة وحرقها,,,"הכנסות הרשות מאגרות פינוי אשפה ופסולת, מחזור נייר וקרטון, וכן העברות מתאגידי מחזור והפרדת פסולת הפועלים ברשות",,,,
2124,REVENUE,212,,Yard cleaning,,ניקוי חצרות,,تنظيف الساحات,,,,,,,
2125,REVENUE,212,,Public toilets,,בתי שימוש ציבוריים,,المراحيض العامة,,,הכנסות הרשות מדמי שימוש בשירותים ציבוריים,,,,
213,REVENUE,21,,Sanitation supervision,,פיקוח תברואי,,الإشراف الصحي,,,הוצאות הרשות על שכר ותפעול עבודות פיקוח תברואי על עסקים ומוסדות ,,,,
2131,REVENUE,213,,Sanitation supervision administration,,מינהל הפיקוח התברואי,,إدارة الإشراف الصحي,,,,,,,
2132,REVENUE,213,,General sanitation supervison,,פקוח תברואי כללי,,الإشراف الصحي العام,,,,,,,
2133,REVENUE,213,,Business and institutions supervison,,פיקוח על עסקים ומוסדות,,مراقبة الشركات والمؤسسات,,,,,,,
214,REVENUE,21,,Veterinary services,,שרות וטרינרי,,الخدمات البيطرية,,,"הוצאות הרשות על שירותים וטרינריים, כולל שכר וטרינר, צרכים מנהליים של המרכזים הוטרינריים והוצאות למניעת כלבת. ",,,,
2141,REVENUE,214,,Veterinary services administration,,מינהל שרות וטרינרי,,إدارة الخدمات البيطرية,,,,,,,
2142,REVENUE,214,,Veterinary supervison,,פיקוח וטרינרי,,الإشراف البيطري,,,,,,,
2143,REVENUE,214,,Fight against Rabies,,מלחמה בכלבת,,محاربة داء الكلب,,,,,,,
215,REVENUE,21,,Preventive sanitation,,תברואה מונעת,,الصرف الصحي الوقائي,,,"הוצאות הרשות על שירותי תברואה מונעת, כולל הוצאות שכר וחומרים עבור ריסוס והדברה, פינוי  פגרים ולכידת נחשים.",,,,
2151,REVENUE,215,,Sanitation products selling,,מכירת חומרי תברואה,,بيع المواد الصحية,,,,,,,
2152,REVENUE,215,,Epidemic disease extintion,,הדברת מחלות מדבקות,,مكافحة الأمراض المعدية,,,,,,,
2153,REVENUE,215,,Pesticides service fee,,דמי שרות להדברת מזיקים,,رسوم خدمة مكافحة الآفات,,,,,,,
22,REVENUE,2,,Guarding and security,,שמירה וביטחון,,الحراسة والأمن,,,"הכנסות הרשות מביטחון כוללות השתתפות ממשלתית בהוצאות המשמר האזרחי, כיבוי אש ומשק לשעת חירום, מענקי פיקוד והגנה מרחבית ברשויות באזורי סיכון, וכן הכנסות עצמיות של הרשות, כגון דמי שימוש של תושבים במקלטים. ",,,,
221,REVENUE,22,,Guarding and security administration,,מינהל שמירה וביטחון,,إدارة الحراسة والأمن,,,,,,,
222,REVENUE,22,,Security guarding,,שמירה ביטחונית,,حراسة أمن,,,,,,,
2221,REVENUE,222,,Civil Guard,,משמר אזרחי,,الحرس المدني,,,,,,,
223,REVENUE,22,,Civil defence,,הג״א,,الدفاع المدني,,,,,,,
224,REVENUE,22,,Fire service,,כבוי אש,,خدمة الحريق,,,,,,,
225,REVENUE,22,,Safety,,בטיחות,, أمن,,,,,,,
226,REVENUE,22,,Emergency services,,מל״ח ופס״ח,,خدمات الطوارئ,,,,,,,
2261,REVENUE,226,,Emergency service,,מל״ ח,,خدمات الطوارئ,,,,,,,
2262,REVENUE,226,,Emergency service,,פס״ח,,خدمات الطوارئ,,,,,,,
227,REVENUE,22,,Areal defence,,הגמ״ר,,??,,,,,,,
229,REVENUE,22,,Emergency expenditure coverage,,כסוי הוצאות לשעת חירום,,تغطية النفقات الطارئة,,,,,,,
23,REVENUE,2,,Urban planning and constructing,,תכנון ובנין עיר,,التخطيط وتقسيم المناطق,,,"הכנסות עצמיות של הרשות מאגרות בנייה, היטלי השבחה, מכירת חוברות פרסום ועוד.",,,,
231,REVENUE,23,,Local authority engineer office,,משרד מהנדס הרשות,,مكتب مهندس السلطة,,,"הכנסות הרשות ממכירה של חוברות ופרסומים, עמלות מתאגידי תכנון הנדסי והריסת מבנים מסוכנים.",,,,
232,REVENUE,23,,City planning,,תכנון עיר,,تخطيط المدن,,,הכנסות עצמיות של הרשות מהיטלי השבחה עבור מבנים חדשים,,,,
2321,REVENUE,232,,General planning,,תכנון כללי,,التخطيط العام,,,,,,,
2322,REVENUE,232,,Master Plan,,תוכנית אב,,خطة رئيسية,,,,,,,
2323,REVENUE,232,,Measurements / Land Surveys,,מדידות,,قياسات,,,,,,,
233,REVENUE,23,,Building supervison and licensing,,רישוי ופיקוח על הבניה,,منح التراخيص والإشراف على البناء,,,"הוצאות הרשות עבור אגף רישוי ובנייה, כולל פיקוח על הבנייה, בקרה ותיעוד שלה, רישוי עסקים ועוד. ",,,,
2331,REVENUE,233,,"Fees, building licences",,"אגרות, רישיונות בניה",,الرسوم، وتراخيص البناء,,,,,,,
2332,REVENUE,233,,Construction supervision,, פקוח על הבניה,,الإشراف على البناء,,,,,,,
2333,REVENUE,233,,Dangeruos houses supervision,,פיקוח על בנינים מסוכנים,,الإشراف على المباني الخطرة,,,,,,,
2334,REVENUE,233,,Local planning and building committee,,ועדה מקומית לתכנון ובניה,,اللجنة المحلية للتخطيط والبناء,,,,,,,
24,REVENUE,2,,Public property/assets ,,נכסים ציבוריים,,ممتلكات عامة,,,"הוצאות הרשות עבור תחזוקה שוטפת של נכסי העיר, לרבות דרכים ומדרכות, רמזורים ותאורת רחובות, גנים ומבנים ציבוריים.",,,,
241,REVENUE,24,,Public property/assets administration,,מינהל נכסים ציבוריים,,إدارة ممتلكات عامة,,,הכנסות עצמיות של הרשות מעבודות בינוי ותשתיות שונות,,,,
242,REVENUE,24,,Ways and pavements,,דרכים ומדרכות,,طرق والأرصفة,,,השתתפות מוסדות והכנסות עצמיות של הרשות מהיטלי סלילת כבישים וריצוף מדרכות.,,,,
2421,REVENUE,242,,Arterial roads,,כבישים עורקיים,,صيانة الطرق الشريانية,,,,,,,
2422,REVENUE,242,,Internal roads and pavements,,כבישים פנימיים ומדרכות,,صيانة الطرق الداخلية والأرصفة,,,,,,,
243,REVENUE,24,,Street lights,,תאורת רחובות,,إنارة الشوارع,,,"הכנסות הרשות מתאורת רחובות, לדוגמא- תמיכה ממשלתית בפרויקט לחסכון בתאורת חוץ.",,,,
244,REVENUE,24,,Road safety,,בטיחות בדרכים,,أمن في الطرق,,,השתתפות משרד התחבורה במרכזי הדרכה ומטה בטיחות בדרכים של הרשות,,,,
2441,REVENUE,244,,Traffic Lights and Road Isles,,רמזורים ואיי תנועה,,إشارات المرور وجزر الحركة ,,,,,,,
2442,REVENUE,244,,Covered/Underground Passages and Bridges,,מעברים תת קרקעיים וגשרים,,صيانة الأنفاق والجسور,,,,,,,
2443,REVENUE,244,,Banisters and Safety Devices,,מעקות ואמצעי בטיחות,,السور وتدابير السلامة,,,,,,,
2444,REVENUE,244,,Sign Posts Trafiic Signs and Road Marking,,שלטים תמרורים וסימוני כבישים,,علامات الطريق  وإشارات المرور,,,,,,,
2445,REVENUE,244,,Municipal Safety Command,,מטה בטיחות עירוני,,قيادة السلامة البلدية,,,,,,,
245,REVENUE,24,,Canalization and Drainage,,תיעול וניקוז,,المجاري والصرف,,,"הכנסות עצמיות של הרשות מהיטלי תיעול קרקע שמשלמים בעלי נכסים ברשות, עבור אחזקה וחידוש של תשתיות התיעול והניקוז של מים וביוב בקרקע עליה עומד הנכס.",,,,
246,REVENUE,24,,Gardens and Planting,,גנים ונטיעות,,حدائق وزراعة,,,"החזרי הוצאות של הרשות מביצוע עבודות שונות שקשורות בשיפור פני העיר, הכנסות ממכירת סכך ועוד.",,,,
2461,REVENUE,246,,Public Parks,,גינות ציבוריות,,حدائق عامة,,,,,,,
2462,REVENUE,246,,Butifiying Floral Street ,,טיפוח פינות נוי,,العناية بزوايا زخرفية,,,,,,,
2463,REVENUE,246,,Fountains and Art Street Elememts,,מזרקות ואלמנטי רחוב אומנותיים,,نوافير وعناصر شارع فنية,,,,,,,
2464,REVENUE,246,,Street Furniture and Playground Installations,,ריהוט רחוב ומתקני משחקים,,أثاث الشوارع ومعدات الملعب,,,,,,,
247,REVENUE,24,,"Beaches, Public Pools and Baths",,"חופים, בריכות ומרחצאות",,"شواطئ, برك سباحة والحمامات",,,הכנסות עצמיות של הרשות מדמי כניסה לבריכות שחייה וחופי רחצה בתחומה,,,,
2472,REVENUE,247,,Public beaches,,חופי רחצה,,شواطئ,,,,,,,
2473,REVENUE,247,,Pools,,בריכות שחיה,,برك سباحة ,,,,,,,
2474,REVENUE,247,,Baths,,מרחצאות,,حمامات,,,,,,,
248,REVENUE,24,,Cementeries,,בתי עלמין,,مقابر,,,"הכנסות הרשות משירותי קבורה בבתי עלמין שבשטחה.לדוגמא- החזרים מביטוח לאומי ואגרות שמשולמות ע""י חברה קדישא
הערה- בחלק מהרשויות פועלים תאגידים המספקים שירותי קבורה שהכנסותיהם אינם מתבטאות בתקציב הרשות",,,,
249,REVENUE,24,,Public Properties,,נכסים ציבוריים,,الأصول العامة الأخرى,,,,,,,
25,REVENUE,2,,Celebrations Projects and Evenets,,חגיגות מבצעים ואירועים,,احتفالات كبيرة واحداث,,,"הכנסות עצמיות של הרשות מחגיגות יום העצמאות ואירועים אחרים, וכן השכרת ציוד לאירועים",,,,
251,REVENUE,25,,Independence Day Celebraions,,חגיגות יום העצמאות,,احتفالات عيد الاستقلال,,,,,,,
252,REVENUE,25,,Other Celebrations and Rites,,חגיגת וטכסים אחרים,,الاحتفالات وغيرها من الطقوس,,,,,,,
253,REVENUE,25,,Adoption Activities,,פעולות אימוץ,,تطبيقات تبني,,,,,,,
254,REVENUE,25,,International Relations,,קשרים בינלאומיים,,علاقات دولية,,,,,,,
256,REVENUE,25,,International Conferences and Events,,כנסים ואירועים בינלאומיים,,المؤتمرات الدولية,,,,,,,
26,REVENUE,2,,Various Municipal Services,,שירותים עירוניים שונים,,خدمات حضرية مختلفة,,,"הכנסות שונות משירותים עירוניים כגון אגרות בתי משפט, פעילות ארכיונים עירוניים ומכירת שירותים שונים. ",,,,
261,REVENUE,26,,Municipal Emergency Center,,מוקד עירוני,,مركز حضري,,,,,,,
262,REVENUE,26,,Public Information,,מידע לציבור,,معلومات للجمهور,,,"השתתפות ממשלה ומוסדות שונים באספקת מידע לציבור, לדוגמה- מענק משרד הביטחון עבור הכוונת חיילים משוחררים.",,,,
263,REVENUE,26,,Participation in Regional Councils' Expenses,,השתת' בהוצאות מועצות אזוריות,,المشاركة في نفقات المجالس الإقليمية,,,,,,,
264,REVENUE,26,,Association for the Culture of Living,,תרבות הדיור,,الثقافة والإسكان,,,הכנסות עצמיות של הרשות מאגרות ועדי בתים ,,,,
265,REVENUE,26,,General Institutes,,מוסדות כלליים,,المؤسسات العامة,,,,,,,
266,REVENUE,26,,Local Committees,,ועדים מקומיים,,اللجان المحلية,,,,,,,
267,REVENUE,26,,Municipality's Elementary Insurance,,בטוח אלמנטרי לרשות,,بلدية التأمين الابتدائية,,,החזרים כספיים מחברות ביטוח לרשות,,,,
268,REVENUE,26,,Mifam - Regional Guidance Center,,מפעם - מרכז הדרכה אזורי,,مفعم -مركز الإرشاد الإقليمي,,,,,,,
269,REVENUE,26,,Various Incomes,,הכנסות שונות,,المدخولات المختلفة,,,"הכנסות משירותים שונים כמו אגרות בתי משפט ומכרזים, החזרים מביטוח לאומי, פעילות ארכיונים ומכירת תוכנות ושירותים.",,,,
27,REVENUE,2,,Economical Development,,פיתוח כלכלי,,التنمية الاقتصادية,,,"הכנסות עצמיות של הרשות שנובעות מתהליכי עידוד תעשייה ותיירות, וכן השתתפות משרדי התיירות והתרבות בפרויקטים שונים לעידוד תעשייה ותיירות.",,,,
271,REVENUE,27,,Recreation and Tourism Promotion,,עידוד קייט ותיירות,,الترفيه والدعم السياحي,,,,,,,
272,REVENUE,27,,Industry and Craft ??,,ייעד תעשיה ומלאכה,,تشجيع الصناعة والحرف اليدوية,,,,,,,
273,REVENUE,27,,Municipal Companies,,חברות עירוניות,,الشركات البلدية,,,,,,,
2731,REVENUE,273,,Shares Capital ,,הון מניות,,رأس المال,,,,,,,
2732,REVENUE,273,,Owners' Loans and Capital Notes,,הלוואות בעלים ושטרי הון,,قروض المساهمين، وتلاحظ العاصمة,,,,,,,
28,REVENUE,2,,Municipal Supervision,,פיקוח עירוני,,تفتيش البلدية,,,"הכנסות עצמיות של הרשות מקנסות שמשלמים תושביה בעבור רשיונות לשלטים ומודעות, תכנון ובנייה, רישוי עסקים, קנסות חניה וגרירת רכבים. 
הערה- בחלק מהרשויות נרשמת הכנסות בגין קנסות חניה בסעיפי 'תחבורה' 443",,,,
281,REVENUE,28,,By-Laws Supervision,,פיקוח על חוקי עזר,,الإشراف على اللائحة الداخلية,,,,,,,
282,REVENUE,28,,Municipal Court,,בית משפט עירוני,,محكمة البلدية,,,,,,,
29,REVENUE,2,,Agricultural Services,,שירותים חקלאיים,,خدمات للمزارعين,,,השתתפות משרד החקלאות ומוסדות נוספים בהוצאות הרשות עבור שירותים חקלאיים שונים.  ,,,,
291,REVENUE,29,,General Property Tax on Agricultural Land,,ארנונה כללית על אדמה חקלאית,,إدارة خدمات المزارعين,,,,,,,
292,REVENUE,29,,Field Service,,שרות השדה,,الخدمات الميدانية,,,,,,,
293,REVENUE,29,,Fight against Agri Pests,,מלחמה במזיקים לחקלאות,,حرب الآفات الزراعية,,,,,,,
294,REVENUE,29,,Observations and Experimental Stations/Ranches,,תצפיות ותחנות ניסיוניות,,مواقع المراقبة والتجربة,,,,,,,
295,REVENUE,29,,Agricultural Guidance,,הדרכה חקלאית,,التدريب الزراعي,,,,,,,
296,REVENUE,29,,Local and Regional Drainage Works,,עבודות ניקוז מקומי ואזורי,,تصريف الأعمال المحلية والإقليمية,,,,,,,
297,REVENUE,29,,Field Guarding,,שמירת שדות,,حفظ الحقول,,,,,,,
299,REVENUE,29,,Other Agricultural Services,,שירותים חקלאיים אחרים,,الخدمات الزراعية الأخرى,,,,,,,
3,REVENUE,,,State Services,,שירותים ממלכתיים,,الخدمات الحكومية,,,,,,,
31,REVENUE,3,,Education,,חינוך,,تعليم,,,"
השתתפות משרד החינוך וגורמי חוץ נוספים בהוצאות עבור חינוך, וכן הכנסות עצמיות של הרשות מתשלומי הורים עבור שכר לימוד ושירותים שונים בחינוך. 
",,,,
311,REVENUE,31,,Educational Administration,,מינהל החינוך,,إدارة التعليم,,,"הכנסות שונות בעבור מנהל החינוך ברשות- לדוגמא, החזרי הורים על ביטוח תלמידים והכנסות מקרנות וגורמי חוץ.",,,,
312,REVENUE,31,,Pre-Elementary Education,,חינוך קדם יסודי,,التعليم قبل المدرسي,,,"השתתפות משרד החינוך וכן השתתפות הורים בשכר גננות וסייעות, ביטוח, ציוד ותפעול גני ילדים בגילאי חובה וטרום חובה, כולל פעוטונים, גני מועדון וצהרנים. ",,,,
3122,REVENUE,312,,Mandatory Kindergardens,,גני ילדים גיל חובה,,رياض الأطفال إلزامية,,,,,,,
3123,REVENUE,312,,Pre-Kindergardens,,גני ילדים טרום חובה,,رياض الأطفال ما قبل الإلزامي,,,,,,,
3124,REVENUE,312,,Pre-Kindergardens and child day care,,מעונות ופעוטונים,,الرعاية النهارية ودور الحضانة المدارس,,,,,,,
3125,REVENUE,312,,After School Kindergardens,,גני מועדון וצהרונים,,نادي الحدائق وبرامج ما بعد المدرسة,,,,,,,
3126,REVENUE,312,,Special Education Kindergardens,,גני ילדים לחינוך מיוחד,,رياض الأطفال التربية الخاصة,,,,,,,
3128,REVENUE,312,,Kindergardens' Summer Camp/Additional Summer Month,,קייטנה/חודש לימודים נוסף לגנ״י,,مخيم صيفي / مدرسة إضافية شهر لرياض الأطفال,,,,,,,
313,REVENUE,31,,Elementary Eduacation,,חינוך יסודי,,التعليم الإبتدائي,,,"השתתפות משרד החינוך בשכר שרתים ומזכירות בבתי ספר יסודיים, הסעות ושכר סייעות עבור חינוך מיוחד וכן הכנסות עצמיות של הרשות משכר לימוד שמשולם לבתי ספר יסודיים שאינם ציבוריים. 
הערה- שכר המורים בחינוך היסודי משולם ישירות על ידי המדינה לא דרך תקציב הרשות.",,,,
3131,REVENUE,313,,Elementary Education Administration,,מינהל החינוך היסודי,,إدارة التعليم الابتدائي,,,,,,,
3132,REVENUE,313,,Elementary Schools,,בתי״ס יסודיים,,المدارس الابتدائية,,,,,,,
3133,REVENUE,313,,Special Education,,חינוך מיוחד,,التعليم الخاص,,,,,,,
3134,REVENUE,313,,Gifted and Talented Students' Enrichment/Special Classes,,חוגים לתלמידים מחוננים ומוכשרים,,فئات الطلبة الموهوبين والمتفوقين,,,,,,,
3135,REVENUE,313,,Small Yeshivas and Talmoud Torah,,ישיבות קטנות ותלמודי תורה,,الاجتماعات الصغيرة والتلمود التوراة,,,,,,,
3136,REVENUE,313,,Complementary Education at Schools ,,חינוך משלים בבתי״ס,,التعليم التكميلي في المدارس,,,,,,,
3137,REVENUE,313,,Agricultural Ranches,,חוות חקלאיות,,المزارع,,,,,,,
3138,REVENUE,313,,Summer/Educational Camps and Additional School Month,,קייטנות/לימודיות וחודש לימוד נוסף,,مخيمات تعليمية وشهر معرفة المزيد,,,,,,,
314,REVENUE,31,,Junior High Schools,,חטיבות ביניים,,مدارس الأوسط,,,"השתתפות משרד החינוך בשכר עובדי חטיבות הביניים, בתפעולן השוטף ובהפעלת פרויקטים מיוחדים, וכן הכנסות עצמיות מאגרות תלמידי חוץ.",,,,
315,REVENUE,31,,High School Education,,חינוך על יסודי,,مدرسة ثانوية,,,"השתתפות משרד החינוך והשתתפות ההורים בשכר ותפעול החינוך העל יסודי, וכן בפרוייקטים מיוחדים המשתנים בין רשות לרשות, דוגמת כיתות מחוננים, מחויבות אישית ועוד.
הערה- התקציב אינו מבטא הכנסות עבור חינוך על יסודי ברשויות שמפעילות בתי ספר באמצעות מלכ""רים ציבוריים או פרטיים  ",,,,
3151,REVENUE,315,,High Schools' Administration,,מינהל החינוך העל יסודי,,إدارة التعليم الثانوي,,,,,,,
3152,REVENUE,315,,Academic High Schools,,בתי״ס על יסודיים עיוניים,,المدارس الثانوية النظرية,,,,,,,
3153,REVENUE,315,,Evening High Schools,,בתי״ס ערב על יסודיים,,المدارس المسائية للابتدائية,,,,,,,
3154,REVENUE,315,,"High School Yeshivas, Girls' Religious High Schools and ???",,ישיבות תיכוניות אולפנות ומתיבתאות,,جلسات ثانوية אולפנות ומתיבתאות,,,,,,,
3155,REVENUE,315,,Vocational High Schools,,בתי״ס על יסודיים מקצועיים,,المدارس الثانوية والمهنية,,,,,,,
3156,REVENUE,315,,Agricultural High Schools,,בתי״ס על יסודיים חקלאיים,,المدارس الثانوية الزراعية,,,,,,,
3157,REVENUE,315,,Comprehensive High Schools,,בתי״ס על יסודיים מקיפים,,المدارس الابتدائية الشاملة,,,,,,,
316,REVENUE,31,,Higher Education,,חינוך גבוה,,التعليم العالي,,,השתתפות ממשלה ומוסדות שונים במתן מלגות לסטודנטים ובפרויקטים שונים לעידוד השכלה גבוהה,,,,
3162,REVENUE,316,,Universities,,אוניברסיטאות,,الجامعات,,,,,,,
3163,REVENUE,316,,Higher Technological Education Institutes,,מוסדות להשכלה טכנולוגית גבוהה,,مؤسسات التعليم التكنولوجي الرفيع,,,,,,,
3164,REVENUE,316,,High Yeshivas and religuos Collelges,,ישיבות גבוהות וכוללים,,المدارس الدينية اليهودية وتشمل,,,,,,,
3165,REVENUE,316,,Teacher Training Colleges,,בתי מדרש למורים,,بيت مدراش للمعلمين,,,,,,,
3166,REVENUE,316,,Colleges,,מכללות,,الكليات,,,,,,,
3167,REVENUE,316,,Art,,אמנות,,فن,,,,,,,
3168,REVENUE,316,,Municipal Scholarship Fund,,קרן מלגות עירונית,,صندوق المنح الدراسية في المناطق الحضرية,,,,,,,
317,REVENUE,31,,Additional Services to Schools and Kindergardens,,שירותים נוספים לבתי״ס וגנ״י,,خدمات للمدارس ورياض الأطفال,,,"השתתפות משרדי הממשלה והכנסות עצמיות מאספקת שירותים שונים לבתי ספר וגני ילדים, לרבות שירותים פסיכולוגיים, שירותי רווחה בחינוך ושמירה במוסדות חינוך",,,,
3171,REVENUE,317,,Educational Institute Guarding and Security ,,קב״ט שמירה ובטחון מוסדות חינוך,,ضابط أمن وأمن مؤسسات التعليم,,,"השתתפות משרד החינוך בשירותי שמירה וביטחון במוסדות החינוך בתחומי הרשות. 
הערה- בחלק מהרשויות נרשמת השתתפות ממשלה בעבור אבטחת מוסדות חינוך תחת מנהל החינוך ",,,,
3172,REVENUE,317,,Pedagogical Resource Center,,מרכזיה פדגוגית,,مركز التربوية,,,השתתפות משרד החינוך בהוצאות עבור מרכזי הדרכה וייעוץ פדגוגיים ,,,,
3173,REVENUE,317,,Psychoeducational Service,,שרות פסיכולוגי חינוכי,,الخدمة النفسية التعليمية,,,"השתתפות משרד החינוך ומוסדות אחרים, וכן השתתפות הורים בהוצאות עבור שכר פסיכולוגים בבתי ספר, השתלמויות ופרויקטים של השרות הפסיכולוגי החינוכי",,,,
3174,REVENUE,317,,Student Health Service,,שרות בריאות לתלמיד,,خدمة الصحة الطلابية,,,"השתתפות משרד הבריאות בשירותי בריאות במערכות החינוך ברשות. 
",,,,
3175,REVENUE,317,,Student Insurance,,בטוח תלמידים,,تأمين الطلاب,,,"השתתפות הורים בביטוח ילדים במערכות החינוך ברשות. 
הערה- בפועל, רוב הרשויות רושמות הכנסות עבור ביטוח במנהל החינוך או תחת חינוך יסודי, על יסודי וכו'.",,,,
3176,REVENUE,317,,Educational Welfare,,רווחה חינוכית,,الرعاية التعليمية,,,"השתתפות הממשלה בהוצאות עבור תכניות רווחה בחינוך- לדוגמה פרוייקטים של שיקום שכונות, תכניות התערבות והעצמת נוער.",,,,
3177,REVENUE,317,,School Attendance Officers,,קב״סים,,ضباط الحضور في المدارس,,,"קב""סים= קציני ביקור סדיר. השתתפות ממשלה בפעולות שקשורות במעקב אחר תלמידים שנשרו מבתי ספר והחזרתם למסגרת לימודים",,,,
3178,REVENUE,317,,Childrens' Transportation,,הסעות ילדים,,نقل الأطفال,,,"השתתפות משרד החינוך בהסעות עבור מוסדות חינוך מיוחד. לעתים כולל גם השתתפות הורים בהסעות למוסדות חינוך רגיל. 
הערה- חלק מהרשויות רושמות הכנסות עבור הסעות תחת חינוך מיוחד 3133",,,,
3179,REVENUE,317,,Other Services,,שירותים אחרים,,خدمات أخرى,,,הכנסות חיצוניות ועצמיות של הרשות עבור שיפוצים במוסדות חינוך ופרוייקטים מיוחדים בחינוך. ,,,,
318,REVENUE,31,,Adult Education,,חינוך מבוגרים,,تعليم الكبار,,,השתתפות ממשלה באולפני שפה ומרכזי חינוך למבוגרים. ,,,,
319,REVENUE,31,,Special Educational Services,,שירותי חינוך מיוחדים,,خدمات التعليم الخاص,,,,,,,
3191,REVENUE,319,,Recognized Non-State Education,,חינוך מוכר שאינו רשמי,,التعليم المعترف بها ليس رسميا,,,,,,,
32,REVENUE,3,,Culture,,תרבות,,ثقافة,,,"השתתפות הממשלה ומוסדות נוספים באירועי תרבות וספורט של הרשות ובפעילויות שוטפות של ספריות, מתנ""סים וחוגים. הכנסות עצמיות של הרשות מפעולות תרבות וספורט, שכירות וכן מדמי כניסה למוזיאונים, ספריות ואתרים שונים.",,,,
321,REVENUE,32,,Culture Administration,,מינהל התרבות,,إدارة الثقافة,,,,,,,
322,REVENUE,32,,Cultral Activities/Events,,פעולות תרבות,,النشطات الثقافية,,,,,,,
323,REVENUE,32,,Municipal Libraries,,ספריות עירוניות,,المكاتب المدينة,,,,,,,
324,REVENUE,32,,Community Centers,,מתנ״סים,,مراكز اجتماعية,,,,,,,
325,REVENUE,32,,Music and Dance,,מוסיקה ומחול,,الموسيقى والرقص,,,,,,,
3251,REVENUE,325,,Musical Conservatory,,קונסרבטוריון,,موسيقى الكونسرفاتوار,,,,,,,
3252,REVENUE,325,,Municipal Orchestra,,תזמורת עירונית,,أوركسترا حضرية,,,,,,,
3254,REVENUE,325,,Municipal Choir,,מקהלה עירונית,,جوقة بلدية,,,,,,,
326,REVENUE,32,,Cultural Centers,,מוקדי תרבות,,المراكز الثقافية,,,,,,,
3261,REVENUE,326,,Theatres,,תיאטרונים,,مسارح,,,,,,,
3262,REVENUE,326,,Museums,,מוזיאונים,,متاحف,,,,,,,
3263,REVENUE,326,,Zoo,,גן חיות,,حديقة الحيوانات,,,,,,,
3264,REVENUE,326,,Other Cultural Centers,,מוקדי תרבות אחרים,,مراكز ثقافية أخرى,,,,,,,
327,REVENUE,32,,Torah Culture,,תרבות תורנית,,الثقافة الدينية,,,,,,,
328,REVENUE,32,,Youth,,נוער,,شباب,,,,,,,
3281,REVENUE,328,,Youth Administration,,מינהל הנוער,,ادارة الشباب,,,,,,,
3282,REVENUE,328,,Youth Activity Center,,מוקדי הפעלת נוער,,مراكز  تشغيل الشباب,,,,,,,
3283,REVENUE,328,,Youth Recreation,,חוגי נוער,,برامج الشباب,,,,,,,
3284,REVENUE,328,,Youth Summer Camps,,קייטנות נוער,,المخيمات الصيفية للشباب,,,,,,,
3289,REVENUE,328,,Youth Movements,,תנועות נוער,,حركات الشباب,,,,,,,
33,REVENUE,3,,Health,,בריאות,,الصحة,,,"השתתפות הממשלה בהסעות חולים ושירותי בריאות שונים, וכן הכנסות עצמיות של הרשות מדמי טיפול במרפאות בתחומה. ",,,,
332,REVENUE,33,,Clinics,,מרפאות,,عيادات,,,,,,,
3321,REVENUE,332,,Consultation Clinics,,מרפאות יעוץ,,عيادات تقسيم المناطق,,,,,,,
3322,REVENUE,332,,General Clinics,,מרפאות כלליות,,عيادات عامة,,,,,,,
3323,REVENUE,332,,Dental Clinics,,מרפאות שיניים,,عيادات الأسنان,,,,,,,
3324,REVENUE,332,,Child Care Clinics,,תחנות אם וילד,,عيادات الطفل والأم,,,,,,,
333,REVENUE,33,,Hospitals,,בתי חולים,,المستشفيات,,,,,,,
3331,REVENUE,333,,General Hospitals,,בתי חולים כלליים,,المستشفيات العامة,,,,,,,
3332,REVENUE,333,,Other Hospitals,,בתי חולים אחרים,,مستشفيات أخرى,,,,,,,
334,REVENUE,33,,Nurse Education Schools,,בתי ספר לאחיות,,مدارس التمريض,,,,,,,
335,REVENUE,33,,Other Health Institutions,,מוסדות בריאות אחרים,,المؤسسات الصحية الأخرى,,,,,,,
336,REVENUE,33,,Emergency Health Services,,שירותי חירום ריפואים,,الخدمات الطبية الطارئة,,,,,,,
3361,REVENUE,336,,Red Magen David,,מד״א,,ماجن دافيد أدوم,,,,,,,
3362,REVENUE,336,,ICU ambulance,,נט״ן,,وحدة العناية الطارئة,,,,,,,
3363,REVENUE,336,,Doctors' Rotation Call Center,,מוקד לתורנויות של רופאים,, مركز تناوب الأطباء,,,,,,,
34,REVENUE,3,,Welfare,,רווחה,,الرعاية الاجتماعية,,,"השתתפות הממשלה ומוסדות נוספים בשירותי רווחה לאוכלוסיות שונות, לדוגמא- משפחות ונוער במצוקה, קשישים ובעלי צרכים מיוחדים. 
הערה- חלק מהמימון הממשלתי עבור רווחה מותנה בהשתתפות חלקית של הרשות בהוצאות (שיטת המצ'ינג)",,,,
341,REVENUE,34,,Welfare Administration,,מינהל הרווחה,,إدارة الرعاية الاجتماعية,,,השתתפות משרד הרווחה בהוצאות המנהל ובשכר עובדי לשכת הרווחה הכנסות עצמיות של הרשות מדמי שימוש בנכסי מנהל הרווחה.   ,,,,
342,REVENUE,34,,Individual and Family Welfare,,רווחת הפרט והמשפחה,,رعاية الأسرة والفرد,,,"השתתפות משרד הרווחה והשתתפות משפחות במרכזי טיפול במשפחות במצוקה, וכן השתתפות ממשלה בפרויקטים מיוחדים כמו מקלטים לנשים מוכות, טיפול בדרי רחוב ומניעת אלימות.  ",,,,
3422,REVENUE,342,,Special Needs,,צרכים מיוחדים,,الاحتياجات الخاصة,,,,,,,
3424,REVENUE,342,,Family Guidance,,הדרכת משפחות,,الإرشاد الأسري,,,,,,,
3425,REVENUE,342,,Professional/Occupational Support,,סמך מקצועי,,الدعم المهني,,,,,,,
343,REVENUE,34,,Child and Youth Services,,שירותים לילד ולנוער,,خدمات الأطفال والشباب,,,"השתתפות משרד הרווחה בהוצאות הרשות עבור אחזקת ילדים בפנימיות, משפחתונים ומעונות יום, ועבור הפעלת תוכניות שונות בתחום רווחת ילדים, וכן הכנסות עצמיות של הרשות מדמי רישום למשפחתונים ולמעונות יום.  ",,,,
3435,REVENUE,343,,Community Acitivities,,פעולות קהילתיות,,الأنشطة المجتمعية,,,,,,,
3438,REVENUE,343,,Hosting Children in Boarding Schools,,אחזקת ילדים בפנימיות,,إبقاء الأطفال في المدارس الداخلية,,,,,,,
3439,REVENUE,343,,Hosting Children in Day Care and Foster Homes,,אחזקת ילדים במעונות יום ואומנות יומיות,,إبقاء الأطفال في الرعاية النهارية ودور الحضانة,,,,,,,
344,REVENUE,34,,Elderly Services,,שירותים לזקן,,خدمات المسنين,,,"השתתפות משרד הרווחה בהוצאות הרשות עבור טיפול ומתן שרותים קהילתיים לקשישים ומעקב אחר חוק סיעוד וכן השתתפות משפחות באחזקת מעונות, עזרה ביתית ומסגרות יומיות לקשישים",,,,
3443,REVENUE,344,,Elderly Services - Institutional,,שירותים לזקן - מוסדי,,خدمات المسنين - المؤسسية,,,,,,,
3444,REVENUE,344,,Services for the Elderly - Community,,שירותים לזקן - קהילתי,,خدمات المسنين - المجتمع,,,,,,,
3445,REVENUE,344,,Occupational and Day Care Centers for the Elderly,,תעסוקה ומרכזי יום לקשיש,,توظيف والمراكز النهارية للمسنين,,,,,,,
345,REVENUE,34,,Services to the Retarded,,שירותים למפגר,,خدمات للمعاقين,,,"השתתפות משרד הרווחה במימון מוסדות, מרכזי טיפול לבעלי פיגור ומוגבלויות ופרויקטים מיוחדים, וכן השתתפות הורים בהסעות ובמסגרות יום לבעלי מוגבלויות",,,,
3451,REVENUE,345,,Placement of Retarded in Institutions,,סידור מפגרים במוסדות,,تنظيم المعوقين في المؤسسات,,,,,,,
3452,REVENUE,345,,Placement of Retarded in Daily Establishments,,סידור מפגרים במסגרות יום,,تنظيم المعوقين في إطارات,,,,,,,
3453,REVENUE,345,,Community Services for the Retarded,,שירותים למפגר - קהילתי,,خدمات يوم للمعاقين - اجتماعي,,,,,,,
3454,REVENUE,345,,Occupational Plants for the Retarded and ???,,מפעלי תעסוקת למפגר ומע״ש,,مصانع توظيف للمعاقين ,,,,,,,
346,REVENUE,34,,Rehabilitation Services,,שירותי שיקום,,خدمات إعادة التأهيل,,,השתתפות משרד הרווחה והשתתפות עצמית עבור שירותי שיקום לעיוורים ובעלי מוגבלויות שונות,,,,
3461,REVENUE,346,,Rehabilitation of the Blind - ?? in Institutions,,שיקום העיוור - אחזקה במוסדות,,إعادة تأهيل الأعمى-صيانة المؤسسات,,,,,,,
3462,REVENUE,346,,Rehabilitation of the Blind - Day Care Establishments,,שיקום העיוור - מעונות יום,,إعادة تأهيل الأعمى-صيانة,,,,,,,
3463,REVENUE,346,,Treatment of the Blind in the Community,,טיפול בעיוור בקהילה,,الرعاية المجتمعية للأعمى,,,,,,,
3464,REVENUE,346,,Occupational Plants for the Blind,,מפעלי תעסוקה לעיוורים,,مصانع توظيف للأعمى,,,,,,,
3465,REVENUE,346,,Disabled - Rehabilitation In Institutes,,נכים - שיקום במוסדות,,معاق - مؤسسات إعادة التأهيل,,,,,,,
3466,REVENUE,346,,Disabled - Engagement In Institutes,,נכים - אחזקה במסגרות יום,,معاق - صيانة المؤسسات,,,,,,,
3467,REVENUE,346,,Disabled - Teatment in the Community,,נכים - טיפול בקהילה,,يوم معاقين - الرعاية المجتمعية,,,,,,,
3469,REVENUE,346,,Disabled - Rehabilitation in Industrial Plants,,נכים - שיקום במפעלי תעסוקה,,معاق - إعادة التأهيل في مصانع توظيف,,,,,,,
347,REVENUE,34,,Correctional Services,,שירותי תיקון,,خدمات إصلاح,,,"השתתפות משרד הרווחה וגורמים נוספים כמו הרשות למלחמה בסמים, וכן השתתפות עצמית עבור סידור ילדים במפתנים, מקלטים לנערים ונערות,  גמילה מסמים ואלכוהול ועוד.",,,,
3471,REVENUE,347,,Treating Street Gangs and At-Risk Youth,,טיפול בחבורות רחוב ונוער במצוקה,, علاج عصابات الشوارع والشباب المضطرب,,,,,,,
3472,REVENUE,347,,Youth Protection Authority,,חסות נוער,,حماية الشباب,,,,,,,
3473,REVENUE,347,,Drugs,,סמים,,المخدرات,,,,,,,
3474,REVENUE,347,,Occupational Plants for youth,,מפתנים,,عتبات,,,,,,,
348,REVENUE,34,,Community Work,,עבודה קהילתית,,العمل الاجتماعي,,,"השתתפות משרדי הרווחה והחינוך בשיקום שכונות, מרכזים קהילתיים ופרויקטים של התנדבות בקהילה.",,,,
3482,REVENUE,348,,Community Centers,,מרכזים קהילתיים,,المراكز الاجتماعية,,,,,,,
3483,REVENUE,348,,Volunteering,,התנדבות,,تطوع,,,,,,,
3484,REVENUE,348,,Citizen Advisory Service,,שרות יעוץ לאזרח שי״ל,,الخدمات الاستشارية المدنية,,,,,,,
3485,REVENUE,348,,Neighborhood Rehabilitation,,שיקום שכונות,,تجديد أحياء,,,,,,,
349,REVENUE,34,,Emmigrant Services,,שירותים לעולים,,خدمات المهاجرين,,,השתתפות משרד הרווחה והשתתפות הורים במתן שירותי רווחה לאוכלוסיות עולים.,,,,
35,REVENUE,3,,Religion/Religious,,דת,,دين,,,השתתפות משרד הדתות בהוצאות עבור שירותי דת שונים,,,,
351,REVENUE,35,,Jewish Religious Services,,שירותים דתיים יהודיים,,المشاركة في المجلس الديني الميزاني,,,,,,,
352,REVENUE,35,,Karaian Religious Services,,שירותי דת לקראים,,קראים?!,,,,,,,
353,REVENUE,35,,Muslim Religious Services,,שירותי דת למוסלמים,,الخدمات الدينية للمسلم,,,,,,,
354,REVENUE,35,,Christian Groups Religious Services,,שירותי דת לעדות נוצריות,,الخدمات الدينية للطوائف المسيحية,,,,,,,
355,REVENUE,35,,Druse Religious Services,,שירותי דת לדרוזים,,الخدمات الدينية للدرزي,,,,,,,
356,REVENUE,35,,General Jewish Religious Services,,שירותי דת יהודיים כלליים,,الخدمات الدينية اليهودية العامة,,,,,,,
357,REVENUE,35,,Religious Services in Regional Municipalities/Governesses,,שירותי דת במועצות אזוריות,,الخدمات الدينية في المجالس الإقليمية,,,,,,,
359,REVENUE,35,,Various Religious Services,,שירותי דת שונים,,الخدمات الدينية المختلفة,,,,,,,
36,REVENUE,3,,Emmigration Absorption,,ק ליטת עליה,,استيعاب المهاجرين,,,"השתתפות משרד הקליטה, משרד השיכון, הסוכנות היהודית וגופים נוספים, וכן הכנסות עצמיות של הרשות עבור שירותי קליטה לעולים.",,,,
369,REVENUE,36,,Various Emmigration Absorption Services,,שירותים שונים לקליטת העלייה,,خدمات مختلفة لاستيعاب المهاجرين,,,,,,,
37,REVENUE,3,,Environmental Protection/Quality,,איכות הסביבה,,جودة البيئة,,,השתתפות המשרד לאיכות הסביבה וכן הכנסות עצמיות של הרשות מפרויקטים שונים הקשורים באיכות הסביבה.,,,,
379,REVENUE,37,,Various Services to Environmental Quality,,שירותים שונים לאיכות הסביבה,,خدمات أخرى لجودة البيئة,,,,,,,
4,REVENUE,,,Plants/Enterprises,,מפעלים,,مصانع,,,,,,,
41,REVENUE,4,,Water,,מים,,المياه,,,"הכנסות הרשות מאגרות מים המשולמות על ידי התושבים, וכן מהיטלים שמשולמים עבור ביצוע עבודות תשתית ברשת המים, כגון חיבור לרשת והנחת צינורות מים.
הערה- ברוב הרשויות פועל כיום תאגיד מים. תשלומי התושבים עבור שימוש במים עוברים ישירות לתאגיד ולא נרשמים בתקציב הרשות.",,,,
411,REVENUE,41,,Water Administration,,מינהל המים,,إدارة المياه,,,,,,,
412,REVENUE,41,,Tax Collection,,גביה,,جمع,,,,,,,
413,REVENUE,41,,Water Economy,,משק המים,,تشغيل وصيانة المياه,,,,,,,
4131,REVENUE,413,,Water Fees (Consumption),,אגרות מים (צריכה שוטפת),,شراء المياه,,,,,,,
4132,REVENUE,413,,Other Water Fees  (Water Meters),,אגרות מים אחרות (מוני מים),,صيانة نظام إنتاج المياه,,,,,,,
42,REVENUE,4,,Slaughter Houses,,בתי מטבחיים,,المسالخ,,,"השתתפות משרד החקלאות באחזקת בתי מטבחיים ובאגרות שחיטה 
",,,,
422,REVENUE,42,,Municipal Slaughter House,,בתי מטבחיים עירוניים,,المسالخ البلدية,,,,,,,
423,REVENUE,42,,Associated Cities ??Slaughter House,,בתי מטבחיים באגוד ערים,,مسالخ البلدية المرتبطة,,,,,,,
43,REVENUE,4,,Properties,,נכסים,,ممتلكات,,,"הכנסות עצמיות של הרשות ממכירת נכסים, שכר דירה ודמי שימוש בנכסים, חניונים, שלטי רחוב, מקלטים, תיאטראות ומבנים ציבוריים נוספים. ",,,,
431,REVENUE,43,,Properties Administration,,מינהל הנכסים,,إدارة الممتلكات,,,,,,,
432,REVENUE,43,,Apartments,,דירות,,الشقق,,,,,,,
433,REVENUE,43,,Offices and Businesses,,משרדים ועסקים,,المكاتب والشركات,,,,,,,
434,REVENUE,43,,Industrial and Worshop Buildings,,מבני מלאכה ותעשיה,,ورشة عمل والصناعة,,,,,,,
435,REVENUE,43,,Land,,קרקעות,,الأراضي,,,,,,,
436,REVENUE,43,,Youth Hostels,,אכסניות נוער,,بيوت الشباب,,,,,,,
437,REVENUE,43,,Markets,,שווקים,,الأسواق,,,,,,,
438,REVENUE,43,,Municipality Offices,,משרדי הרשות,,مكاتب السلطة,,,,,,,
439,REVENUE,43,,Other properties,,נכסים אחרים,,ممتلكات أخرى,,,,,,,
44,REVENUE,4,,Transportation,,תחבורה,,وسيلة نقل,,,"הכנסות עצמיות של הרשות מקנסות חניה ועבירות תנועה, כרטיסי חניה וחניה סלולרית  
הערה- בחלק מהרשויות נרשמות הכנסות בעבור קנסות חניה בסעיף 28 'פיקוח עירוני'",,,,
442,REVENUE,44,,Buses,,אוטובוסים,,الباصات,,,,,,,
4421,REVENUE,442,,Bus Service Municipality-Operated,,שרות אוטובוסים בהפעלת הרשות,,خدمة خدمة بتشغيل السلطة,,,,,,,
4422,REVENUE,442,,Public Bus Service,,שרות אוטובוסים ציבוריים,,خدمة الباصات العامة,,,,,,,
4423,REVENUE,442,,Bus Stations,,תחנות אוטובוסים,,محطات الباصات,,,,,,,
443,REVENUE,44,,Car Parking,,חניה למכוניות,,مواقف للسيارات,,,,,,,
4431,REVENUE,443,,Parking Lots,,מגרשי חניה,,مواقف,,,,,,,
4432,REVENUE,443,,Parking Cards and Street Meters,,כרטיסי חניה ומדחנים,,تذاكر وقوف السيارات وعدادات مواقف السيارات,,,,,,,
444,REVENUE,44,,Taxi Parking Lots,,חניה למוניות,,مواقف لسيارات الأجرة,,,,,,,
445,REVENUE,44,,Trains,,רכבות,,القطارات,,,,,,,
45,REVENUE,4,,Occupational Plants,,מפעלי תעסוקה,,مصانع توظيف,,,"הכנסות חיצוניות של הרשות ייעודיות עבור מפעלי תעסוקה מיוחדים, לדוגמה מפעילים המעסיקים בעלי מוגבלויות",,,,
46,REVENUE,4,,Electricity,,חשמל,,كهرباء,,,הכנסות חיצוניות של הרשות עבור תשתיות חשמל בשטחה,,,,
47,REVENUE,4,,Sewage Plant,,מפעל הביוב,,مصنع لمياه الصرف الصحي,,,"הכנסות עצמיות של הרשות מאגרות ביוב המשולמות על ידי התושבים 
הערה- ברוב הרשויות פועל כיום תאגיד ביוב, והכנסות מביוב לא נרשמות בתקציב הרשות. השתתפות בעלים בהיטלי ביוב נרשמת בסעיף 'תברואה' 21.
   ",,,,
471,REVENUE,47,,Sewage Administration,,מינהל הביוב,,إدارة مياه الصرف الصحي,,,,,,,
472,REVENUE,47,,Municipal Sewage,,ביוב עירוני,,مياه الصرف الصحي في المناطق الحضرية,,,,,,,
473,REVENUE,47,,Sewage Purification,,טיהור מי ביוב,,اعاده تدوير مياه الصرف الصحي,,,,,,,
474,REVENUE,47,,Cesspool Drainage,,ריקון בורות שופכין,,تفريغ حفر النفايات ,,,,,,,
48,REVENUE,4,,Other Plants,,מפעלים אחרים,,مصانع أخرى,,,הכנסות הרשות מהחזרי ביטוח עבור הפעלת מפעלים שונים בשטחה.,,,,
5,REVENUE,,,Unusual  Paybacks,,תקבולים בלתי רגילים,,مدفوعات غير عادية,,,,,,,
51,REVENUE,5,,Previous Years Interest and Expenses Returns,,ריבית והחזר הוצאות משנים קודמות,,الفائدة وسداد المصروفات من السنوات السابقة,,,"הכנסות הרשות מריביות שהצטברו עבור הסדרי תשלום ואגרות עבור שירותים שונים, דיבידנדים והחזר הוצאות משנים קודמות ",,,,
511,REVENUE,51,,Interest and Dividents,,ריבית ודיבידנדים,,الفوائد والأرباح,,,,,,,
513,REVENUE,51,,Revenues from Previous Years Expenses Returns,,תקבולים מהחזר הוצאות משנים קודמות,,العائدات من سداد نفقات من السنوات السابقة,,,,,,,
59,REVENUE,5,,Returns from Funds and Special Revenues,,החזר מקרנות והכנסות מיוחדות,,عائدات من الأموال والإيرادات الخاصة,,,הכנסות הרשות מקרנות תקציביות,,,,
591,REVENUE,59,,Returns from Funds,,החזרות מקרנות,,اعادات من الأموال,,,הכנסות הרשות מקרנות תקציביות,,,,
5911,REVENUE,591,,Returns from Storage Fund,,החזרות מקרן למחסנים,,عوائد من صندوق التخزين,,,,,,,
5912,REVENUE,591,,Returns from Shares Fund,,החזרות מקרו למניות,,عوائد من صندوق أسهم,,,,,,,
5913,REVENUE,591,,Paybacks from Employee Loan Fund,,החזרות מקרן הלוואות לעובדים,,عوائد من صندوق القروض للموظفين,,,,,,,
5914,REVENUE,591,,Paybacks from Local Employee Representative Non-Profit Help Fund ,,החזרות מקרך גמ״ח לועדים מקומיים,,عوائد من صندوق اللجان المحلية,,,,,,,
5915,REVENUE,591,,Returns from Vehicle and Equipment Renewal,,החזרות מקרן לחידוש רכב וציוד,,عوائد من صندوق تجديد وتأجير المعدات,,,,,,,
5916,REVENUE,591,,Returns from Housing Fund,,החזרות מקרן לשיכונים,,عوائد من صندوق الأحياء,,,,,,,
5919,REVENUE,591,,Returns from other funds,,החזרות מקרנות אחרות,,عوائد من صنادبق اخرى,,,,,,,
594,REVENUE,59,,Special and Unforseenable Revenues,,הכנסות מיוחדות ובלתי נצפות מראש,,دخل خاص غير المخطط له,,,,,,,
599,REVENUE,59,,Revenues for Deficit Recovery,,הכנסות לכיסוי גרעון,,الإيرادات لتغطية العجز,,,הכנסה ממשלתית חד פעמית שמועברת לרשות לכיסוי גרעון תקציבי בצורה של מענק או הלוואה. ,,,,
5991,REVENUE,599,,Transfer of Grant for Cummulative Deficit Recovery,,העברת מענק לכיסוי גרעון מצטבר,,نقل منح لتغطية العجز المتراكم,,,,,,,
5992,REVENUE,599,,Balance from Regular Budgets,,יתרה מתקציבים רגילים קודמים,,موازنة من ميزانيات العادية السابقة,,,,,,,
5999,REVENUE,599,,Loans for Regular Budget Balancing,,הלוואות לאיזון התקציב הרגיל,,القروض لتوازن الميزانية  العادية,,,,,,,